140	https://www.freejobalert.com/articles/ssc-chsl-recruitment-2026-apply-online-for-2536-posts-3066658
143	https://www.freejobalert.com/articles/ssc-cpo-si-capf-recruitment-2026-3067208
145	https://www.freejobalert.com/articles/nic-scientific-technical-assistant-recruitment-2026-apply-online-for-376-posts-3064655
146	https://www.freejobalert.com/articles/itbpf-sports-quota-recruitment-2026-notification-out-apply-online-for-126-constable-gd-posts-3070096
147	https://www.freejobalert.com/articles/assam-riffles-technical-and-tradesman-recruitment-rally-notification-2026-3068597
151	https://www.freejobalert.com/articles/sbi-sco-recruitment-2026-apply-online-for-207-specialist-cadre-officers-posts-3066174
161	https://www.freejobalert.com/articles/rcfl-assistant-officer-recruitment-2026-apply-online-for-10-posts-3067150
163	https://www.freejobalert.com/articles/nhb-recruitment-2026-apply-online-for-general-manager-manager-and-more-posts-3069869
164	https://www.freejobalert.com/articles/itbp-head-constable-motor-mechanic-recruitment-2026-apply-online-for-21-posts-3068550
165	https://www.freejobalert.com/articles/eil-associate-engineer-recruitment-2026-apply-online-for-20-posts-3069514
166	https://www.freejobalert.com/articles/upsc-recruitment-2026-apply-online-for-13-law-officer-jto-and-more-posts-3069529
171	https://www.freejobalert.com/articles/up-police-constable-pet-admit-card-2026-3070210
173	https://www.freejobalert.com/articles/kea-land-surveyor-hall-ticket-2026-3070057
215	https://www.freejobalert.com/articles/hll-recruitment-2026-apply-online-for-16-manager-associate-general-manager-and-more-posts-3065655
219	https://www.freejobalert.com/articles/psssb-jail-warder-result-2026-3070578
221	https://www.freejobalert.com/articles/itbp-head-constable-education-and-stress-counsellor-recruitment-2026-apply-online-for-16-posts-3068874
222	https://www.freejobalert.com/articles/up-heo-admit-card-2026-3070642
224	https://www.freejobalert.com/articles/aiims-cre-5-seat-allocation-2026-check-choice-filling-schedule-online-3070584
234	https://www.freejobalert.com/articles/abv-iiitm-gwalior-assistant-professor-recruitment-2026-apply-online-for-24-posts-3068730
237	https://www.freejobalert.com/articles/aiihph-recruitment-2026-apply-online-for-project-research-scientist-posts-3070195
238	https://www.freejobalert.com/articles/aiims-bathinda-perfusionist-recruitment-2026-apply-online-3068748
240	https://www.freejobalert.com/articles/aiims-bhopal-program-support-associate-recruitment-2026-apply-online-3070070
241	https://www.freejobalert.com/articles/aiims-bhopal-project-associate-ii-recruitment-2026-apply-online-3070157
242	https://www.freejobalert.com/articles/aiims-bhopal-project-associate-ii-recruitment-2026-apply-online-3070014
244	https://www.freejobalert.com/articles/aiims-bhopal-project-technical-support-iii-recruitment-2026-apply-online-3068461
245	https://www.freejobalert.com/articles/aiims-bhubaneswar-project-technical-support-ii-recruitment-2026-apply-online-3070456
246	https://www.freejobalert.com/articles/aiims-bhubaneswar-project-technical-support-recruitment-2026-apply-online-3070460
247	https://www.freejobalert.com/articles/aiims-bibinagar-consultant-audit-recruitment-2026-apply-offline-3069689
258	https://www.freejobalert.com/articles/aiims-deoghar-recruitment-2026-apply-online-for-69-professor-assistant-professor-and-more-posts-3068122
259	https://www.freejobalert.com/articles/aiims-deoghar-research-associate-recruitment-2026-apply-online-3070340
260	https://www.freejobalert.com/articles/aiims-jodhpur-project-nurse-ii-recruitment-2026-walkin-3069626
262	https://www.freejobalert.com/articles/aiims-jodhpur-senior-resident-recruitment-2026-apply-online-for-51-posts-3069294
263	https://www.freejobalert.com/articles/aiims-mangalagiri-non-faculty-recruitment-2026-apply-online-for-accounts-officer-librarian-grade-i-and-more-posts-3069044
264	https://www.freejobalert.com/articles/aiims-mangalagiri-senior-resident-consultant-recruitment-2026-apply-online-3070185
268	https://www.freejobalert.com/articles/aiims-rewari-junior-resident-recruitment-2026-apply-offline-for-25-posts-3070270
269	https://www.freejobalert.com/articles/aiims-rewari-senior-residents-senior-demonstrators-recruitment-2026-apply-offline-for-24-posts-3070658
270	https://www.freejobalert.com/articles/aiims-rishikesh-project-research-scientist-i-recruitment-2026-apply-online-3070334
271	https://www.freejobalert.com/articles/aiims-rishikesh-recruitment-2026-apply-offline-for-executive-engineer-cssd-officer-posts-3069601
274	https://www.freejobalert.com/articles/amethi-district-part-time-yoga-instructor-recruitment-2026-apply-offline-for-15-posts-3068388
277	https://www.freejobalert.com/articles/amu-guest-teacher-recruitment-2026-apply-online-3069679
278	https://www.freejobalert.com/articles/ananthapuramu-district-court-computer-assistant-recruitment-2026-apply-offline-3068646
281	https://www.freejobalert.com/articles/ap-high-court-district-judge-recruitment-2026-apply-offline-for-10-posts-3070554
282	https://www.freejobalert.com/articles/ap-high-court-district-judge-recruitment-2026-apply-offline-for-30-posts-3070611
284	https://www.freejobalert.com/articles/apcob-faculty-recruitment-2026-apply-offline-3070209
285	https://www.freejobalert.com/articles/appsc-group-i-recruitment-2026-apply-online-for-163-dsp-assistant-audit-officer-and-more-posts-3067671
288	https://www.freejobalert.com/articles/arunachal-pradesh-appsc-cce-recruitment-2026-apply-online-for-135-labour-officer-inspector-and-more-posts-3066677
294	https://www.freejobalert.com/articles/bastar-district-masseurs-recruitment-2026-apply-offline-3068899
295	https://www.freejobalert.com/articles/bathinda-district-court-recruitment-2026-apply-offline-for-lift-operators-generator-operator-technician-electrical-posts-3070686
296	https://www.freejobalert.com/articles/bbau-junior-research-assistant-recruitment-2026-apply-online-3068754
297	https://www.freejobalert.com/articles/bckv-project-associate-i-recruitment-2026-apply-offline-3070169
305	https://www.freejobalert.com/articles/bharathidasan-university-senior-research-fellow-recruitment-2026-apply-online-3069586
306	https://www.freejobalert.com/articles/bhu-project-research-scientist-recruitment-2026-apply-offline-3068093
307	https://www.freejobalert.com/articles/bits-pilani-junior-research-fellow-project-associate-1-recruitment-2026-apply-online-3070665
308	https://www.freejobalert.com/articles/bits-pilani-junior-research-fellow-recruitment-2026-apply-online-3070707
309	https://www.freejobalert.com/articles/bits-pilani-junior-research-fellow-recruitment-2026-apply-online-3068592
310	https://www.freejobalert.com/articles/bits-pilani-recruitment-2026-apply-online-for-academic-associate-professor-posts-3068760
313	https://www.freejobalert.com/articles/bmc-community-development-officer-recruitment-2026-apply-offline-3069116
314	https://www.freejobalert.com/articles/bmc-recruitment-2026-apply-offline-for-special-medical-consultant-intensivist-posts-3069104
315	https://www.freejobalert.com/articles/bmc-treatment-organizer-recruitment-2026-apply-online-for-25-posts-3070842
317	https://www.freejobalert.com/articles/bpssc-company-commander-recruitment-2026-apply-online-for-65-gulma-samadesta-posts-3066636
318	https://www.freejobalert.com/articles/braou-part-time-lecturer-recruitment-2026-apply-online-for-26-posts-3070608
320	https://www.freejobalert.com/articles/btsc-scientific-assistant-recruitment-2026-apply-online-3069537
321	https://www.freejobalert.com/articles/burari-hospital-senior-residents-recruitment-2026-walkin-for-22-posts-3070368
322	https://www.freejobalert.com/articles/c-met-recruitment-2026-apply-offline-for-research-associate-project-assistant-and-more-posts-3068402
323	https://www.freejobalert.com/articles/cabinet-secretariat-staff-car-driver-recruitment-2026-apply-offline-3068844
324	https://www.freejobalert.com/articles/cantonment-board-barrackpore-recruitment-2026-apply-offline-for-physiotherapist-and-radiologist-posts-3068416
325	https://www.freejobalert.com/articles/casdic-drdo-paid-intern-recruitment-2026-apply-online-for-30-posts-3067768
326	https://www.freejobalert.com/articles/cau-senior-research-fellow-recruitment-2026-apply-online-3069731
327	https://www.freejobalert.com/articles/cdpo-poshan-beerwah-anganwadi-workers-recruitment-2026-apply-offline-3069695
329	https://www.freejobalert.com/articles/central-bank-of-india-company-secretary-recruitment-2026-apply-offline-3070324
330	https://www.freejobalert.com/articles/central-prison-coimbatore-sanitary-worker-recruitment-2026-apply-offline-3069647
331	https://www.freejobalert.com/articles/central-railway-advocate-recruitment-2026-apply-online-for-33-posts-3068703
332	https://www.freejobalert.com/articles/central-silk-board-recruitment-2026-apply-offline-for-17-assistant-engineer-joint-secretary-and-more-posts-3067361
334	https://www.freejobalert.com/articles/cerc-recruitment-2026-apply-offline-for-17-assistant-senior-account-officer-and-more-posts-3066332
335	https://www.freejobalert.com/articles/cerc-recruitment-2026-apply-offline-for-joint-chief-deputy-chief-and-more-posts-3064548
336	https://www.freejobalert.com/articles/cgpsc-microbiologist-recruitment-2026-apply-online-3067561
337	https://www.freejobalert.com/articles/chennai-port-authority-superintending-engineer-recruitment-2026-apply-offline-3064751
338	https://www.freejobalert.com/articles/cmho-balrampur-recruitment-2026-apply-offline-for-60-staff-nurse-technical-assistant-and-more-posts-3069565
340	https://www.freejobalert.com/articles/cmwssb-apprentice-recruitment-2026-apply-online-for-108-graduate-and-technician-diploma-apprentice-posts-3068091
341	https://www.freejobalert.com/articles/cochin-port-authority-dredger-commander-recruitment-2026-apply-online-3067407
342	https://www.freejobalert.com/articles/cochin-port-authority-recruitment-2026-apply-online-for-assistant-marine-services-officer-marine-services-officer-and-more-posts-3067393
344	https://www.freejobalert.com/articles/csir-ceeri-recruitment-2026-apply-online-for-16-jrf-project-assistant-and-more-posts-3069850
345	https://www.freejobalert.com/articles/csir-cgcri-project-associate-i-recruitment-2026-apply-online-3070220
346	https://www.freejobalert.com/articles/csir-cgcri-project-associate-recruitment-2026-apply-online-3068287
348	https://www.freejobalert.com/articles/csir-csmcri-recruitment-2026-apply-online-for-project-scientist-and-project-associate-posts-3070010
349	https://www.freejobalert.com/articles/csir-iitr-recruitment-2026-apply-online-for-31-project-associate-project-assistant-and-more-posts-3070775
350	https://www.freejobalert.com/articles/csir-nal-recruitment-2026-apply-offline-for-junior-research-fellow-senior-research-fellow-posts-3069681
351	https://www.freejobalert.com/articles/csir-ncl-mts-recruitment-2026-apply-online-for-24-posts-3069950
352	https://www.freejobalert.com/articles/csir-neeri-technical-assistant-recruitment-2026-apply-online-for-13-posts-3067488
353	https://www.freejobalert.com/articles/csir-neist-security-officer-recruitment-2026-apply-online-3069776
354	https://www.freejobalert.com/articles/csir-ngri-technician-recruitment-2026-apply-online-for-21-posts-3067155
355	https://www.freejobalert.com/articles/csir-nio-principal-project-associate-recruitment-2026-apply-online-3069893
356	https://www.freejobalert.com/articles/csir-nionio-project-associate-i-recruitment-2026-apply-online-3069638
357	https://www.freejobalert.com/articles/csir-nio-project-associate-i-recruitment-2026-apply-online-3069879
358	https://www.freejobalert.com/articles/csir-niscpr-consultant-recruitment-2026-apply-offline-3069986
359	https://www.freejobalert.com/articles/csir-tkdl-recruitment-2026-apply-online-for-50-senior-project-associate-project-associate-posts-3070603
360	https://www.freejobalert.com/articles/cskhpkv-junior-research-fellow-recruitment-2026-apply-offline-3070675
361	https://www.freejobalert.com/articles/cuh-recruitment-2026-apply-online-for-finance-officer-internal-audit-officer-and-more-posts-3066619
362	https://www.freejobalert.com/articles/cuh-recruitment-2026-apply-online-for-research-assistant-field-investigator-and-more-posts-3068769
363	https://www.freejobalert.com/articles/curaj-faculty-resource-person-recruitment-2026-apply-online-3070482
364	https://www.freejobalert.com/articles/curaj-recruitment-2026-apply-offline-for-sports-manager-consultant-and-more-posts-3067133
365	https://www.freejobalert.com/articles/cusat-assistant-professor-recruitment-2026-apply-online-3070480
366	https://www.freejobalert.com/articles/cusat-technical-assistant-recruitment-2026-apply-online-3069977
367	https://www.freejobalert.com/articles/cutn-guest-faculty-recruitment-2026-apply-online-3070798
368	https://www.freejobalert.com/articles/cutn-recruitment-2026-apply-offline-for-consultant-technical-assistant-posts-3069659
370	https://www.freejobalert.com/articles/dbeo-prayagraj-teaching-and-non-teaching-recruitment-2026-apply-offline-for-36-pgt-chowkidar-and-more-posts-3069811
371	https://www.freejobalert.com/articles/dcpu-ariyalur-recruitment-2026-apply-offline-for-junior-assistant-and-office-assistant-posts-3069131
373	https://www.freejobalert.com/articles/dcpu-dindigul-recruitment-2026-apply-offline-for-junior-assistant-cum-record-clerk-and-office-assistant-posts-3069480
374	https://www.freejobalert.com/articles/dcpu-nagapattinam-recruitment-2026-apply-offline-for-junior-assistant-cum-record-clerk-and-office-assistant-posts-3069485
375	https://www.freejobalert.com/articles/dcpu-salem-recruitment-2026-apply-offline-for-assistant-cum-bench-clerk-junior-assistant-cum-record-clerk-office-assistant-posts-3069885
376	https://www.freejobalert.com/articles/dcpu-thoothukudi-legal-cum-probation-officer-recruitment-2026-apply-offline-3068570
377	https://www.freejobalert.com/articles/dcpu-tiruchirappalli-recruitment-2026-apply-offline-for-assistant-cum-bench-clerk-office-assistant-and-more-posts-3068864
379	https://www.freejobalert.com/articles/deendayal-port-authority-pilot-recruitment-2026-apply-online-3068215
380	https://www.freejobalert.com/articles/delhi-jal-board-law-officer-recruitment-2026-apply-offline-3068750
381	https://www.freejobalert.com/articles/deo-sukma-local-guest-teacher-recruitment-2026-apply-offline-3070517
382	https://www.freejobalert.com/articles/deo-thanjavur-office-assistant-recruitment-2026-apply-offline-3068581
383	https://www.freejobalert.com/articles/deputy-commissioner-tuensang-multi-tasking-staff-recruitment-2026-apply-offline-3069256
384	https://www.freejobalert.com/articles/derc-group-a-and-b-recruitment-2026-apply-online-for-personnel-officer-assistant-accounts-officer-and-more-posts-3069677
385	https://www.freejobalert.com/articles/derc-recruitment-2026-apply-online-for-executive-director-assistant-director-and-more-posts-3069743
386	https://www.freejobalert.com/articles/derc-recruitment-2026-apply-online-for-executive-director-joint-director-and-more-posts-3069576
387	https://www.freejobalert.com/articles/dghs-recruitment-2026-apply-offline-for-professor-cum-principal-and-professor-cum-vice-principal-posts-3063995
388	https://www.freejobalert.com/articles/dgll-recruitment-2026-apply-offline-for-navigational-assistant-grade-iii-technician-posts-3067049
389	https://www.freejobalert.com/articles/dhs-lakshadweep-recruitment-2026-apply-online-for-11-nursing-officer-lab-technician-and-more-posts-3069983
390	https://www.freejobalert.com/articles/dhsgsu-junior-research-fellow-recruitment-2026-apply-online-3070257
391	https://www.freejobalert.com/articles/district-commissioner-hailakandi-district-administrative-head-assistant-recruitment-2026-apply-offline-3070495
392	https://www.freejobalert.com/articles/district-panchayat-balrampur-panchayat-secretary-recruitment-2026-apply-offline-for-10-posts-3070845
393	https://www.freejobalert.com/articles/district-panchayat-bemetara-recruitment-2026-apply-offline-for-deo-assistant-grade-3-posts-3069484
394	https://www.freejobalert.com/articles/district-panchayat-gariaband-recruitment-2026-apply-offline-for-program-officer-assistant-programmer-accountant-posts-3069425
395	https://www.freejobalert.com/articles/district-panchayat-korba-recruitment-2026-apply-offline-for-computer-programmer-program-officer-posts-3070226
396	https://www.freejobalert.com/articles/district-panchayat-raipur-accountant-recruitment-2026-apply-offline-3070477
397	https://www.freejobalert.com/articles/surajpur-dp-recruitment-2026-apply-online-for-program-officer-assistant-programmer-accountant-posts-3069579
399	https://www.freejobalert.com/articles/dlsa-kamrup-para-legal-volunteers-recruitment-2026-apply-online-for-29-posts-3069460
400	https://www.freejobalert.com/articles/dlsa-kanpur-nagar-panel-lawyer-recruitment-2026-apply-offline-3068779
401	https://www.freejobalert.com/articles/dlsa-kokrajhar-para-legal-volunteer-recruitment-2026-apply-offline-for-15-posts-3068531
403	https://www.freejobalert.com/articles/dlsa-mulugu-recruitment-2026-apply-offline-for-office-assistant-clerk-office-peon-posts-3069170
405	https://www.freejobalert.com/articles/dmho-wanaparthy-recruitment-2026-apply-offline-for-27-staff-nurse-anm-and-more-posts-3070455
407	https://www.freejobalert.com/articles/dpar-manipur-state-chief-information-commissioner-recruitment-2026-apply-offline-3068688
409	https://www.freejobalert.com/articles/dswo-tirupathur-case-worker-recruitment-2026-apply-offline-3070259
410	https://www.freejobalert.com/articles/dtu-ai-engineer-recruitment-2026-apply-online-3069836
412	https://www.freejobalert.com/articles/dtu-research-intern-recruitment-2026-apply-online-3069877
413	https://www.freejobalert.com/articles/dtu-student-project-intern-recruitment-2026-apply-online-3069824
414	https://www.freejobalert.com/articles/dwcd-puducherry-recruitment-2026-apply-offline-for-20-chairperson-and-member-posts-3070524
415	https://www.freejobalert.com/articles/east-central-railway-instructor-recruitment-2026-apply-offline-for-07-posts-3068389
417	https://www.freejobalert.com/articles/echs-gangtok-recruitment-2026-apply-offline-for-medical-officer-dental-hygienist-posts-3069180
418	https://www.freejobalert.com/articles/echs-karwar-medical-officer-recruitment-2026-apply-offline-3068669
419	https://www.freejobalert.com/articles/echs-thiruvananthapuram-recruitment-2026-apply-offline-for-chowkidar-radiologist-and-more-posts-3068721
421	https://www.freejobalert.com/articles/echs-vadodara-recruitment-2026-apply-online-for-16-deo-peon-chowkidar-and-more-posts-3068880
422	https://www.freejobalert.com/articles/engineering-department-ut-chandigarh-junior-engineer-recruitment-2026-apply-offline-3067097
423	https://www.freejobalert.com/articles/esic-alwar-recruitment-2026-walkin-for-18-junior-resident-tutor-posts-3069247
424	https://www.freejobalert.com/articles/esic-medical-officer-recruitment-2026-apply-online-3069168
427	https://www.freejobalert.com/articles/family-court-muzaffarnagar-consultant-recruitment-2026-apply-offline-3069090
428	https://www.freejobalert.com/articles/gadag-district-court-peon-recruitment-2026-apply-online-for-22-posts-3070595
431	https://www.freejobalert.com/articles/gem-senior-manager-recruitment-2026-apply-online-3069543
432	https://www.freejobalert.com/articles/ggsipu-post-doctoral-fellowship-recruitment-2026-apply-online-3070800
433	https://www.freejobalert.com/articles/gims-scientist-b-recruitment-2026-apply-offline-3066692
435	https://www.freejobalert.com/articles/gnlu-senior-clerk-recruitment-2026-apply-online-3068447
436	https://www.freejobalert.com/articles/government-engineering-college-daman-assistant-professor-recruitment-2026-apply-offline-3067684
437	https://www.freejobalert.com/articles/government-high-school-hatibari-part-time-teacher-recruitment-2026-apply-offline-3068256
438	https://www.freejobalert.com/articles/government-polytechnic-daman-lecturer-recruitment-2026-apply-offline-3068044
439	https://www.freejobalert.com/articles/gssc-recruitment-2026-apply-online-for-32-food-safety-officer-veterinary-assistant-posts-3070620
440	https://www.freejobalert.com/articles/gsstfdcl-company-secretary-recruitment-2026-apply-offline-3069535
441	https://www.freejobalert.com/articles/gujarat-biotechnology-university-research-associate-i-recruitment-2026-apply-online-3069314
442	https://www.freejobalert.com/articles/gujarat-high-court-group-c-recruitment-2026-apply-online-for-30-librarian-librarian-cum-research-assistant-posts-3069904
443	https://www.freejobalert.com/articles/gujarat-university-research-associate-teaching-assistant-recruitment-2026-apply-online-3069706
446	https://www.freejobalert.com/articles/himachal-pradesh-jal-shakti-vibhag-recruitment-2026-apply-offline-for-10-multipurpose-worker-para-pump-operator-and-more-posts-3070576
448	https://www.freejobalert.com/articles/hits-junior-research-fellow-recruitment-2026-apply-online-3070632
451	https://www.freejobalert.com/articles/hnbgu-guest-faculty-recruitment-2026-apply-online-3070645
452	https://www.freejobalert.com/articles/hnbgu-guest-faculty-recruitment-2026-walkin-3070279
454	https://www.freejobalert.com/articles/hp-jal-shakti-vibhag-recruitment-2026-apply-offline-for-para-cook-and-para-helper-posts-3068819
459	https://www.freejobalert.com/articles/iari-project-associate-recruitment-2026-apply-online-3070017
462	https://www.freejobalert.com/articles/icar-circot-part-time-medical-officer-recruitment-2026-apply-online-3069375
463	https://www.freejobalert.com/articles/icar-circot-senior-research-fellow-recruitment-2026-apply-online-3069264
468	https://www.freejobalert.com/articles/icar-iari-senior-research-fellow-recruitment-2026-apply-online-3070298
473	https://www.freejobalert.com/articles/icmr-consultant-recruitment-2026-apply-online-3070088
475	https://www.freejobalert.com/articles/icmr-nirwoh-recruitment-2026-apply-online-for-project-research-scientist-project-technical-support-posts-3069405
476	https://www.freejobalert.com/articles/icmr-young-professional-recruitment-2026-apply-online-3069854
477	https://www.freejobalert.com/articles/icmr-young-professional-recruitment-2026-apply-online-3070216
481	https://www.freejobalert.com/articles/igkv-recruitment-2026-apply-offline-for-deo-young-professional-and-more-posts-3070255
482	https://www.freejobalert.com/articles/ignca-consultant-senior-engineer-recruitment-2026-apply-offline-3070305
484	https://www.freejobalert.com/articles/ignou-teaching-recruitment-2026-apply-online-42-professor-associate-assistant-professor-posts-3068316
485	https://www.freejobalert.com/articles/igrua-aircraft-maintenance-engineer-recruitment-2026-apply-online-3069193
486	https://www.freejobalert.com/articles/igrua-assistant-aerodrome-officer-recruitment-2026-apply-online-3070282
487	https://www.freejobalert.com/articles/igrua-assistant-recruitment-2026-apply-online-3068603
488	https://www.freejobalert.com/articles/iift-consultant-recruitment-2026-apply-online-3070617
489	https://www.freejobalert.com/articles/iift-lady-hostel-superintendent-recruitment-2026-apply-online-3069920
490	https://www.freejobalert.com/articles/iift-lady-hostel-superintendent-recruitment-2026-apply-online-3069815
491	https://www.freejobalert.com/articles/iiit-bhopal-training-and-placement-officer-recruitment-2026-apply-online-3070641
492	https://www.freejobalert.com/articles/iiit-delhi-deputy-administrative-officer-recruitment-2026-apply-online-3070099
493	https://www.freejobalert.com/articles/iiit-delhi-visvesvaraya-post-doctoral-fellow-recruitment-2026-apply-online-3070643
494	https://www.freejobalert.com/articles/iiit-kalyani-junior-research-fellow-recruitment-2026-apply-offline-3070679
495	https://www.freejobalert.com/articles/iiitdm-jabalpur-junior-research-fellow-recruitment-2026-apply-online-3070551
496	https://www.freejobalert.com/articles/iim-ahmedabad-centre-research-fellow-recruitment-2026-apply-online-3067663
498	https://www.freejobalert.com/articles/iim-bangalore-recruitment-2026-apply-online-for-people-soft-campus-techno-functional-specialist-posts-3069996
500	https://www.freejobalert.com/articles/iim-bangalore-web-developer-recruitment-2026-apply-online-3070637
501	https://www.freejobalert.com/articles/iim-kozhikode-junior-accounting-assistant-recruitment-2026-apply-online-3069030
502	https://www.freejobalert.com/articles/iim-kozhikode-software-coordinator-recruitment-2026-apply-online-3069693
503	https://www.freejobalert.com/articles/iim-kozhikode-support-engineer-recruitment-2026-apply-online-3069039
504	https://www.freejobalert.com/articles/iim-lucknow-junior-manager-recruitment-2026-apply-online-3068852
505	https://www.freejobalert.com/articles/iim-lucknow-manager-recruitment-2026-apply-online-3069925
506	https://www.freejobalert.com/articles/iim-lucknow-research-assistant-recruitment-2026-apply-online-3069028
507	https://www.freejobalert.com/articles/iim-lucknow-senior-research-assistant-research-assistant-recruitment-2026-apply-online-3069235
509	https://www.freejobalert.com/articles/iim-mumbai-executive-assistant-recruitment-2026-apply-online-3068648
510	https://www.freejobalert.com/articles/iim-mumbai-manager-recruitment-2026-apply-online-3070316
511	https://www.freejobalert.com/articles/iim-mumbai-project-associate-recruitment-2026-apply-online-3069009
512	https://www.freejobalert.com/articles/iim-mumbai-recruitment-2026-apply-online-for-17-senior-associate-project-manager-and-more-posts-3068081
513	https://www.freejobalert.com/articles/iim-mumbai-recruitment-2026-apply-online-for-chief-executive-officer-and-project-manager-posts-3068488
514	https://www.freejobalert.com/articles/iim-mumbai-recruitment-2026-apply-online-for-manager-and-associate-manager-posts-3067941
518	https://www.freejobalert.com/articles/iima-research-assistant-recruitment-2026-apply-online-3067696
519	https://www.freejobalert.com/articles/iisc-junior-security-assistant-recruitment-2026-apply-online-for-30-posts-3069464
520	https://www.freejobalert.com/articles/iisc-software-engineer-recruitment-2026-apply-online-3067720
521	https://www.freejobalert.com/articles/iiser-bhopal-institute-post-doctoral-fellow-recruitment-2026-apply-online-3069066
522	https://www.freejobalert.com/articles/iiser-bhopal-junior-research-fellow-recruitment-2026-apply-online-3069769
526	https://www.freejobalert.com/articles/iiser-kolkata-non-teaching-recruitment-2026-apply-online-for-17-junior-assistant-junior-engineer-and-more-posts-3068311
527	https://www.freejobalert.com/articles/iiser-kolkata-private-secretary-recruitment-2026-apply-online-3070730
528	https://www.freejobalert.com/articles/iiser-mohali-assistant-professor-recruitment-2026-apply-online-for-21-posts-3070384
530	https://www.freejobalert.com/articles/iiser-pune-research-associate-recruitment-2026-apply-online-3070491
532	https://www.freejobalert.com/articles/iit-bhu-director-recruitment-2026-apply-online-3070465
533	https://www.freejobalert.com/articles/iit-bhu-lab-attendant-recruitment-2026-apply-offline-3069840
534	https://www.freejobalert.com/articles/iit-bhu-project-associate-recruitment-2026-apply-online-3070424
536	https://www.freejobalert.com/articles/iit-delhi-junior-research-fellow-recruitment-2026-apply-online-3069898
538	https://www.freejobalert.com/articles/iit-delhi-project-research-scientist-recruitment-2026-apply-online-3068960
539	https://www.freejobalert.com/articles/iit-delhi-recruitment-2026-apply-online-for-junior-and-senior-project-assistant-posts-3069970
540	https://www.freejobalert.com/articles/iit-delhi-recruitment-2026-apply-online-for-junior-research-fellow-project-assistant-posts-3070092
541	https://www.freejobalert.com/articles/iit-delhi-recruitment-2026-apply-online-for-programme-officer-executive-posts-3069927
542	https://www.freejobalert.com/articles/iit-delhi-recruitment-2026-apply-online-for-project-scientist-project-attendent-posts-3070711
544	https://www.freejobalert.com/articles/iit-dharwad-audit-consultant-recruitment-2026-apply-online-3068987
545	https://www.freejobalert.com/articles/iit-gandhinagar-post-doctoral-fellow-recruitment-2026-apply-online-3070692
546	https://www.freejobalert.com/articles/iit-gandhinagar-project-engineer-recruitment-2026-apply-online-3068740
547	https://www.freejobalert.com/articles/iit-gandhinagar-project-scientist-recruitment-2026-apply-online-3070353
548	https://www.freejobalert.com/articles/iit-gandhinagar-technical-officer-recruitment-2026-apply-online-3070359
549	https://www.freejobalert.com/articles/iit-guwahati-recruitment-2026-apply-online-for-jrf-assistant-project-engineer-posts-3069860
550	https://www.freejobalert.com/articles/iit-guwahati-research-associate-recruitment-2026-apply-online-3070458
552	https://www.freejobalert.com/articles/iit-hyderabad-project-associate-ii-accountant-recruitment-2026-apply-online-3070109
553	https://www.freejobalert.com/articles/iit-hyderabad-recruitment-2026-apply-online-for-senior-project-staff-posts-3070667
554	https://www.freejobalert.com/articles/iit-indore-junior-research-fellow-recruitment-2026-apply-online-3070420
555	https://www.freejobalert.com/articles/iit-indore-research-project-specialist-recruitment-2026-apply-online-3070394
556	https://www.freejobalert.com/articles/iit-indore-senior-research-fellow-recruitment-2026-apply-online-3069809
557	https://www.freejobalert.com/articles/iit-ism-dhanbad-junior-research-fellow-recruitment-2026-apply-online-3069221
558	https://www.freejobalert.com/articles/iit-ism-dhanbad-junior-research-fellow-recruitment-2026-apply-online-3069867
559	https://www.freejobalert.com/articles/iit-ism-dhanbad-senior-project-associate-recruitment-2026-apply-online-3068529
560	https://www.freejobalert.com/articles/iit-jammu-junior-research-fellow-recruitment-2026-apply-online-3070345
561	https://www.freejobalert.com/articles/iit-jammu-recruitment-2026-apply-online-for-junior-research-fellow-and-senior-project-associate-posts-3068847
562	https://www.freejobalert.com/articles/iit-jammu-research-associate-recruitment-2026-apply-online-3068510
563	https://www.freejobalert.com/articles/iit-jodhpur-scientific-officer-recruitment-2026-apply-online-3070831
570	https://www.freejobalert.com/articles/iit-kharagpur-marketing-lead-recruitment-2026-apply-online-3070140
573	https://www.freejobalert.com/articles/iit-kharagpur-project-associate-ii-recruitment-2026-apply-online-3068698
574	https://www.freejobalert.com/articles/iit-kharagpur-research-associate-recruitment-2026-apply-online-3069510
575	https://www.freejobalert.com/articles/iit-kharagpur-senior-research-fellow-recruitment-2026-apply-online-3070026
576	https://www.freejobalert.com/articles/iit-madras-assistant-professor-recruitment-2026-apply-online-for-40-posts-3040278
577	https://www.freejobalert.com/articles/iit-madras-project-scientist-i-recruitment-2026-apply-online-3070071
578	https://www.freejobalert.com/articles/iit-madras-project-technical-support-iii-recruitment-2026-apply-online-3070366
579	https://www.freejobalert.com/articles/iit-mandi-part-time-coach-recruitment-2026-walkin-3070536
580	https://www.freejobalert.com/articles/iit-patna-junior-research-fellow-recruitment-2026-apply-online-3069725
582	https://www.freejobalert.com/articles/iit-roorkee-junior-research-fellow-recruitment-2026-apply-online-3070347
583	https://www.freejobalert.com/articles/iit-roorkee-project-assistant-administration-recruitment-2026-apply-offline-3055965
584	https://www.freejobalert.com/articles/iit-roorkee-project-associate-recruitment-2026-apply-online-3070021
585	https://www.freejobalert.com/articles/iit-roorkee-project-attendant-recruitment-2026-apply-online-3069954
586	https://www.freejobalert.com/articles/iit-roorkee-recruitment-2026-apply-online-for-research-associate-project-associate-posts-3069842
588	https://www.freejobalert.com/articles/iit-roorkee-senior-research-fellow-recruitment-2026-apply-online-3070616
590	https://www.freejobalert.com/articles/iit-ropar-recruitment-2026-apply-online-for-jrf-field-assistant-and-project-assistant-posts-3070078
592	https://www.freejobalert.com/articles/indian-coast-guard-recruitment-2026-apply-offline-for-06-chowkidar-peon-and-more-posts-3069109
594	https://www.freejobalert.com/articles/iob-general-manager-recruitment-2026-apply-online-3068479
596	https://www.freejobalert.com/articles/isi-kolkata-recruitment-2026-apply-online-for-postdoctoral-fellow-project-assistant-and-more-posts-3068867
597	https://www.freejobalert.com/articles/isi-project-linked-research-associate-i-recruitment-2026-apply-online-3070447
598	https://www.freejobalert.com/articles/itda-gumla-tgt-recruitment-2026-apply-offline-for-20-posts-3069650
600	https://www.freejobalert.com/articles/jipmer-project-technical-support-iii-recruitment-2026-apply-online-3070276
601	https://www.freejobalert.com/articles/jipmer-recruitment-2026-apply-online-for-project-research-scientist-i-non-medical-project-manager-posts-3069154
602	https://www.freejobalert.com/articles/jjb-tenkasi-recruitment-2026-apply-offline-for-junior-assistant-cum-record-clerk-office-assistant-posts-3068922
604	https://www.freejobalert.com/articles/jkssb-recruitment-2026-apply-online-for-518-horticulture-technician-junior-staff-nurse-and-more-posts-3061465
605	https://www.freejobalert.com/articles/jnpa-legal-expert-recruitment-2026-apply-offline-3068707
607	https://www.freejobalert.com/articles/jscps-recruitment-2026-apply-online-for-11-social-worker-member-chairperson-and-more-posts-3068041
609	https://www.freejobalert.com/articles/juvenile-justice-board-erode-recruitment-2026-apply-offline-for-junior-assistant-cum-typist-office-assistant-posts-3069201
610	https://www.freejobalert.com/articles/juvenile-justice-board-sivaganga-recruitment-2026-apply-offline-for-junior-assistant-record-clerk-office-assistant-posts-3069189
611	https://www.freejobalert.com/articles/kalsi-forest-division-junior-research-fellow-recruitment-2026-apply-offline-3070626
612	https://www.freejobalert.com/articles/kbcnmu-recruitment-2026-apply-online-for-temporary-assistant-professor-director-posts-3069761
613	https://www.freejobalert.com/articles/kcb-accounts-officer-recruitment-2026-apply-online-3070412
617	https://www.freejobalert.com/articles/kgbv-badaun-teaching-and-non-teaching-recruitment-2026-apply-offline-for-76-pgt-peon-accountant-and-more-posts-3069635
621	https://www.freejobalert.com/articles/kokrajhar-university-non-teaching-recruitment-2026-apply-offline-for-finance-officer-registrposts-3069337
623	https://www.freejobalert.com/articles/ksrtc-recruitment-2026-apply-online-for-assistant-executive-engineer-chief-engineer-posts-3069774
624	https://www.freejobalert.com/articles/ludhiana-district-courts-lift-operator-recruitment-2026-apply-offline-3069656
625	https://www.freejobalert.com/articles/madras-university-guest-lecturer-recruitment-2026-apply-offline-3070499
626	https://www.freejobalert.com/articles/madras-university-recruitment-2026-apply-offline-for-dean-controller-of-examinations-and-more-posts-3070302
627	https://www.freejobalert.com/articles/madras-university-recruitment-2026-apply-offline-for-dean-professor-cum-director-and-more-posts-3070565
633	https://www.freejobalert.com/articles/makaut-project-associate-i-recruitment-2026-apply-online-3069675
634	https://www.freejobalert.com/articles/manipur-psc-dental-surgeon-recruitment-2026-apply-online-for-13-posts-3069209
635	https://www.freejobalert.com/articles/manit-bhopal-jrf-project-fellow-recruitment-2026-walkin-3068578
638	https://www.freejobalert.com/articles/mcd-labour-welfare-superintendent-recruitment-2026-apply-offline-for-09-posts-3069699
643	https://www.freejobalert.com/articles/mjpru-bareilly-junior-research-assistant-research-assistant-recruitment-2026-apply-offline-3069915
644	https://www.freejobalert.com/articles/mnnit-allahabad-junior-research-fellow-on-contract-recruitment-2026-apply-offline-3070041
646	https://www.freejobalert.com/articles/mnnit-allahabad-project-associate-i-recruitment-2026-apply-offline-3069620
649	https://www.freejobalert.com/articles/mpkv-data-entry-operator-recruitment-2026-apply-offline-3069041
650	https://www.freejobalert.com/articles/mpkv-recruitment-2026-apply-offline-for-ai-ml-and-data-science-lead-posts-3070522
652	https://www.freejobalert.com/articles/mppgcl-apprentice-recruitment-2026-apply-offline-for-27-graduate-and-technician-apprentice-posts-3069291
654	https://www.freejobalert.com/articles/mumbai-port-authority-class-i-and-class-ii-recruitment-2026-notification-out-apply-online-for-25-aee-executive-engineer-and-more-posts-3070047
655	https://www.freejobalert.com/articles/mumbai-port-authority-deputy-chief-engineer-recruitment-2026-apply-online-3068876
657	https://www.freejobalert.com/articles/mumbai-port-authority-professional-intern-recruitment-2026-apply-offline-for-10-posts-3070713
659	https://www.freejobalert.com/articles/mumbai-port-authority-recruitment-2026-apply-online-for-specialists-and-general-duty-doctor-posts-3070397
660	https://www.freejobalert.com/articles/mungeli-samagra-shiksha-recruitment-2026-apply-offline-for-16-part-time-yoga-sports-trainer-and-music-trainer-posts-3069311
663	https://www.freejobalert.com/articles/nalsa-recruitment-2026-apply-offline-for-12-assistant-stenographer-and-more-posts-3068001
665	https://www.freejobalert.com/articles/namo-hospital-daman-recruitment-2026-apply-online-for-anaesthetist-ophthalmic-surgeon-and-more-posts-3069139
666	https://www.freejobalert.com/articles/nashik-district-revenue-servant-recruitment-2026-apply-online-3070852
668	https://www.freejobalert.com/articles/national-book-trust-india-editorial-assistant-recruitment-2026-apply-online-3069852
670	https://www.freejobalert.com/articles/nbcfdc-recruitment-2026-apply-offline-for-consultant-young-associate-posts-3069025
675	https://www.freejobalert.com/articles/nbt-young-professional-recruitment-2026-apply-online-3069845
676	https://www.freejobalert.com/articles/ncbs-scientific-assistant-recruitment-2026-apply-online-3067413
678	https://www.freejobalert.com/articles/ncdc-recruitment-2026-apply-offline-for-system-admin-graphic-designer-posts-3069858
679	https://www.freejobalert.com/articles/ncert-assistant-editor-recruitment-2026-apply-online-3069047
682	https://www.freejobalert.com/articles/ncpor-officer-recruitment-2026-apply-online-3070669
685	https://www.freejobalert.com/articles/neigrihms-project-nurse-recruitment-2026-apply-online-3070076
686	https://www.freejobalert.com/articles/nhai-draftsman-recruitment-2026-apply-online-3067869
691	https://www.freejobalert.com/articles/nid-madhya-pradesh-recruitment-2026-apply-offline-for-faculty-designer-associate-senior-faculty-posts-3067501
693	https://www.freejobalert.com/articles/niftem-junior-research-fellow-recruitment-2026-apply-online-3070036
694	https://www.freejobalert.com/articles/niftem-junior-research-fellow-jrf-recruitment-2026-apply-online-3069195
695	https://www.freejobalert.com/articles/niftem-young-professional-recruitment-2026-apply-online-3068856
696	https://www.freejobalert.com/articles/nii-project-research-scientist-i-non-medical-recruitment-2026-apply-online-3070106
697	https://www.freejobalert.com/articles/nims-hyderabad-recruitment-2026-apply-offline-for-project-research-scientist-iii-non-medical-posts-3069799
698	https://www.freejobalert.com/articles/nio-project-associate-recruitment-2026-apply-offline-3069807
699	https://www.freejobalert.com/articles/niper-ahmedabad-junior-research-fellow-recruitment-2026-apply-online-3069151
700	https://www.freejobalert.com/articles/niper-guwahati-project-scientist-recruitment-2026-apply-online-3069458
701	https://www.freejobalert.com/articles/niper-hajipur-temporary-staff-nurse-recruitment-2026-apply-online-3067795
702	https://www.freejobalert.com/articles/nise-senior-project-scientist-recruitment-2026-apply-online-3069238
703	https://www.freejobalert.com/articles/niser-junior-research-fellow-recruitment-2026-apply-online-3070061
704	https://www.freejobalert.com/articles/niser-project-associate-i-recruitment-2026-apply-online-3070688
705	https://www.freejobalert.com/articles/nit-agartala-library-professional-trainee-recruitment-2026-apply-online-3069511
706	https://www.freejobalert.com/articles/nit-agartala-non-teaching-recruitment-2026-apply-online-for-51-technician-lab-attendant-and-more-posts-3067360
708	https://www.freejobalert.com/articles/nit-calicut-consultant-recruitment-2026-apply-online-3070363
709	https://www.freejobalert.com/articles/nit-calicut-junior-research-fellow-recruitment-2026-apply-online-3070243
710	https://www.freejobalert.com/articles/nit-calicut-research-assistant-recruitment-2026-apply-online-3069968
711	https://www.freejobalert.com/articles/nit-durgapur-recruitment-2026-apply-online-for-junior-research-fellow-project-assistant-and-more-posts-3070310
712	https://www.freejobalert.com/articles/nit-hamirpur-project-associate-recruitment-2026-apply-online-3069097
714	https://www.freejobalert.com/articles/nit-raipur-non-teaching-recruitment-2026-apply-online-for-37-technician-office-attendant-and-more-posts-3070440
715	https://www.freejobalert.com/articles/nit-rourkela-junior-research-fellow-recruitment-2026-apply-online-3070043
717	https://www.freejobalert.com/articles/nit-silchar-project-assistant-recruitment-2026-apply-online-3068979
719	https://www.freejobalert.com/articles/nit-warangal-junior-research-fellow-recruitment-2026-apply-online-3070126
720	https://www.freejobalert.com/articles/nlu-delhi-consultant-recruitment-2026-apply-online-3069614
721	https://www.freejobalert.com/articles/nluo-recruitment-2026-apply-online-for-assistant-registrar-section-officer-posts-3069687
722	https://www.freejobalert.com/articles/nmpa-consultant-recruitment-2026-apply-offline-3069596
730	https://www.freejobalert.com/articles/old-civil-hospital-ambala-recruitment-2026-walkin-for-medical-physicist-cum-radiation-safety-officer-radiation-therapy-technologist-posts-3058756
734	https://www.freejobalert.com/articles/ordnance-factory-ambarnath-labour-welfare-officer-recruitment-2026-apply-offline-3068742
736	https://www.freejobalert.com/articles/panjab-university-guest-faculty-recruitment-2026-apply-offline-3069683
737	https://www.freejobalert.com/articles/panjab-university-phd-fellowship-recruitment-2026-apply-online-3069187
742	https://www.freejobalert.com/articles/periyar-university-field-investigator-recruitment-2026-apply-online-3070410
743	https://www.freejobalert.com/articles/pgimer-assistant-professor-recruitment-2026-apply-offline-for-13-posts-3062617
744	https://www.freejobalert.com/articles/phed-mizoram-recruitment-2026-apply-online-for-technician-electric-lineman-and-more-posts-3067309
745	https://www.freejobalert.com/articles/pihmct-assistant-lecturer-recruitment-2026-apply-offline-3066218
747	https://www.freejobalert.com/articles/prasar-bharati-copy-editor-recruitment-2026-apply-online-3069079
748	https://www.freejobalert.com/articles/prasar-bharati-part-time-correspondent-recruitment-2026-apply-offline-3070064
750	https://www.freejobalert.com/articles/prl-udaipur-recruitment-2026-apply-online-for-telescope-operator-trainee-office-trainee-and-more-posts-3070265
751	https://www.freejobalert.com/articles/ptu-registrar-recruitment-2026-apply-offline-3069663
752	https://www.freejobalert.com/articles/punjab-remote-sensing-centre-recruitment-2026-apply-offline-for-06-clerk-lab-attendant-and-more-posts-3065937
755	https://www.freejobalert.com/articles/punjabi-university-patiala-law-officer-recruitment-2026-apply-offline-3067723
756	https://www.freejobalert.com/articles/raichur-district-block-coordinator-recruitment-2026-apply-online-3069390
761	https://www.freejobalert.com/articles/rbu-technical-assistants-recruitment-2026-apply-online-3069212
762	https://www.freejobalert.com/articles/rcb-project-associate-recruitment-2026-apply-online-3069344
763	https://www.freejobalert.com/articles/rdpr-tiruchirappalli-jeep-driver-recruitment-2026-apply-offline-3067221
764	https://www.freejobalert.com/articles/rgcb-junior-research-fellow-recruitment-2026-apply-online-3070724
765	https://www.freejobalert.com/articles/rgnau-junior-technical-superintendent-recruitment-2026-apply-online-3069296
766	https://www.freejobalert.com/articles/rgnau-recruitment-2026-apply-online-for-server-engineer-computer-lab-engineer-and-more-posts-3066562
768	https://www.freejobalert.com/articles/rgnau-recruitment-2026-apply-online-for-visiting-medical-consultant-visiting-health-inspector-posts-3066974
770	https://www.freejobalert.com/articles/rgssh-recruitment-2026-apply-online-for-45-professor-associate-professor-assistant-professor-deputy-medical-superintendent-posts-3070810
786	https://www.freejobalert.com/articles/rri-research-assistant-recruitment-2026-apply-online-3066072
787	https://www.freejobalert.com/articles/rtmssu-senior-consultant-recruitment-2026-apply-online-3070672
792	https://www.freejobalert.com/articles/samagra-shiksha-jajpur-part-time-teacher-recruitment-2026-apply-offline-3068339
793	https://www.freejobalert.com/articles/sarvajanik-vidyalaya-daman-post-graduate-teacher-recruitment-2026-apply-offline-3069326
794	https://www.freejobalert.com/articles/sbi-sco-recruitment-2026-apply-online-for-specialist-cadre-officer-posts-3070331
797	https://www.freejobalert.com/articles/sggu-recruitment-2026-apply-online-for-professor-and-associate-professor-posts-3068784
802	https://www.freejobalert.com/articles/smc-sports-coach-recruitment-2026-apply-online-3070848
803	https://www.freejobalert.com/articles/smkv-bastar-guest-lecturer-recruitment-2026-apply-offline-for-16-posts-3069570
804	https://www.freejobalert.com/articles/smp-kolkata-chief-hydraulic-engineer-recruitment-2026-apply-online-3069276
805	https://www.freejobalert.com/articles/smp-kolkata-land-revenue-rent-recovery-officer-recruitment-2026-apply-offline-3068891
809	https://www.freejobalert.com/articles/srm-university-project-fellow-recruitment-2026-apply-offline-3070663
812	https://www.freejobalert.com/articles/supreme-court-junior-court-assistant-recruitment-2026-apply-online-for-250-posts-3070583
813	https://www.freejobalert.com/articles/svnirtar-recruitment-2026-apply-online-for-cashier-lecturer-and-more-posts-3068060
814	https://www.freejobalert.com/articles/svnit-assistant-registrar-recruitment-2026-apply-online-3064215
815	https://www.freejobalert.com/articles/svnit-registrar-recruitment-2026-apply-online-3066501
816	https://www.freejobalert.com/articles/svnit-surat-assistant-engineer-recruitment-2026-apply-offline-3069493
817	https://www.freejobalert.com/articles/tanuvas-assistant-professor-recruitment-2026-apply-online-for-12-posts-3068232
819	https://www.freejobalert.com/articles/tiss-administrative-assistant-recruitment-2026-apply-online-3070546
820	https://www.freejobalert.com/articles/tiss-assistant-manager-recruitment-2026-apply-online-3068556
821	https://www.freejobalert.com/articles/tiss-assistant-professor-recruitment-2026-apply-online-3069891
822	https://www.freejobalert.com/articles/tiss-field-work-supervisor-recruitment-2026-apply-online-3070400
823	https://www.freejobalert.com/articles/tiss-medical-officer-recruitment-2026-apply-online-3069669
824	https://www.freejobalert.com/articles/tiss-nurse-recruitment-2026-apply-online-3069900
825	https://www.freejobalert.com/articles/tiss-part-time-medical-officer-recruitment-2026-apply-online-3069871
826	https://www.freejobalert.com/articles/tiss-teaching-posts-recruitment-2026-apply-online-for-professor-associate-professor-and-more-posts-3069993
827	https://www.freejobalert.com/articles/tiss-teaching-recruitment-2026-apply-online-for-professor-assistant-professor-and-more-posts-3069303
832	https://www.freejobalert.com/articles/tnsrlm-thoothukudi-block-coordinator-recruitment-2026-apply-offline-for-22-posts-3070497
833	https://www.freejobalert.com/articles/trai-assistant-recruitment-2026-apply-online-3069573
834	https://www.freejobalert.com/articles/tripura-institution-for-transformation-recruitment-2026-apply-online-for-12-senior-consultant-governance-strategy-public-affairs-posts-3070050
839	https://www.freejobalert.com/articles/udd-uttarakhand-legal-expert-recruitment-2026-apply-offline-3069474
841	https://www.freejobalert.com/articles/uppsc-deputy-secretary-recruitment-2026-apply-online-3068084
843	https://www.freejobalert.com/articles/upsssc-senior-instructor-recruitment-2026-apply-online-for-132-posts-3067345
844	https://www.freejobalert.com/articles/uttareshwara-mahadev-farmer-producer-company-recruitment-2026-apply-offline-for-ceo-accountant-cum-mis-in-charge-posts-3068982
845	https://www.freejobalert.com/articles/uuhf-dean-recruitment-2026-apply-offline-3069801
846	https://www.freejobalert.com/articles/vamnicom-recruitment-2026-apply-online-for-professor-assistant-professor-and-more-posts-3067565
847	https://www.freejobalert.com/articles/visakhapatnam-port-authority-deputy-chief-law-officer-recruitment-2026-apply-online-3070591
848	https://www.freejobalert.com/articles/visakhapatnam-port-authority-fire-officer-recruitment-2026-apply-offline-3070311
849	https://www.freejobalert.com/articles/visva-bharati-recruitment-2026-apply-online-for-14-professor-associate-professor-and-assistant-professor-posts-3070203
852	https://www.freejobalert.com/articles/vssut-recruitment-2026-apply-online-for-junior-research-fellow-project-associate-posts-3068985
855	https://www.freejobalert.com/articles/wcd-mahasamund-recruitment-2026-apply-offline-for-store-keeper-cum-accountant-cook-and-more-posts-3069228
856	https://www.freejobalert.com/articles/wcd-odisha-recruitment-2026-apply-online-for-anganwadi-worker-and-helper-posts-3069445
857	https://www.freejobalert.com/articles/wcd-yadgiri-district-resource-person-recruitment-2026-apply-offline-3069717
858	https://www.freejobalert.com/articles/wcdc-bihar-recruitment-2026-apply-online-for-state-project-manager-accountant-assistant-posts-3070811
859	https://www.freejobalert.com/articles/wdra-consultant-legal-recruitment-2026-apply-offline-3070263
861	https://www.freejobalert.com/articles/zila-panchayat-balod-recruitment-2026-apply-offline-for-computer-programmer-lekhapal-and-more-posts-3070513
862	https://www.freejobalert.com/articles/zila-panchayat-dhamtari-recruitment-2026-apply-offline-3070288
863	https://www.freejobalert.com/articles/aiims-bhubaneswar-project-technical-support-i-recruitment-2026-apply-online-3070526
865	https://www.freejobalert.com/articles/aiims-madurai-research-associate-recruitment-2026-apply-online-3070815
866	https://www.freejobalert.com/articles/aiims-mangalagiri-research-associate-iii-recruitment-2026-apply-online-3070177
867	https://www.freejobalert.com/articles/aiims-nagpur-recruitment-2026-apply-online-for-technologist-technical-officer-and-more-posts-3070734
868	https://www.freejobalert.com/articles/appsc-recruitment-2026-apply-online-for-90-hostel-welfare-officer-assistant-social-welfare-officer-assistant-tribal-welfare-officer-posts-3067672
869	https://www.freejobalert.com/articles/appsc-recruitment-2026-apply-online-for-299-forest-range-officer-supervisor-and-more-posts-3067665
872	https://www.freejobalert.com/articles/bits-pilani-research-fellow-recruitment-2026-apply-online-3069772
874	https://www.freejobalert.com/articles/csir-ngri-technician-recruitment-2026-apply-online-for-21-posts-3066370
875	https://www.freejobalert.com/articles/csjmu-programmer-recruitment-2026-apply-online-3069759
878	https://www.freejobalert.com/articles/dahv-assam-field-assistant-enumerator-recruitment-2026-apply-online-for-72-posts-3070382
881	https://www.freejobalert.com/articles/dcpu-mayiladuthurai-recruitment-2026-apply-offline-for-record-clerk-office-assistant-posts-3070165
882	https://www.freejobalert.com/articles/dhs-nagapattinam-recruitment-2026-apply-offline-for-44-deo-anm-dental-technician-and-more-posts-3070597
888	https://www.freejobalert.com/articles/gjust-recruitment-2026-apply-online-for-research-assistant-and-field-staff-posts-3070159
889	https://www.freejobalert.com/articles/gmch-chandigarh-senior-resident-recruitment-2026-walkin-for-74-posts-3070146
890	https://www.freejobalert.com/articles/gndu-recruitment-2026-apply-online-for-officer-on-special-duty-assistant-professor-posts-3070718
891	https://www.freejobalert.com/articles/gcf-jabalpur-design-engineer-recruitment-2026-apply-online-3069856
896	https://www.freejobalert.com/articles/iiest-shibpur-librarian-recruitment-2026-apply-online-3067455
897	https://www.freejobalert.com/articles/iiest-shibpur-project-associate-recruitment-2026-apply-online-3070372
900	https://www.freejobalert.com/articles/iiit-nagpur-project-associate-i-recruitment-2026-apply-online-3070732
901	https://www.freejobalert.com/articles/iiitdm-jabalpur-junior-research-fellow-jrf-recruitment-2026-apply-online-3070549
903	https://www.freejobalert.com/articles/iisc-recruitment-2026-apply-online-for-project-trainee-research-associate-and-more-posts-3070530
906	https://www.freejobalert.com/articles/imsc-faculty-recruitment-2026-apply-online-for-10-fellow-and-reader-posts-3070781
907	https://www.freejobalert.com/articles/iust-junior-research-fellow-jrf-recruitment-2026-apply-online-3070187
908	https://www.freejobalert.com/articles/jharkhand-home-guard-recruitment-2026-apply-online-for-772-home-guard-rural-and-urban-posts-3067607
909	https://www.freejobalert.com/articles/jjb-dharmapuri-recruitment-2026-apply-offline-for-junior-assistant-cum-record-clerk-and-office-assistant-posts-3070173
911	https://www.freejobalert.com/articles/meghalaya-high-court-recruitment-2026-apply-online-for-07-stenographer-library-assistant-and-more-posts-3069267
912	https://www.freejobalert.com/articles/mizoram-psc-peon-recruitment-2026-apply-online-3067762
914	https://www.freejobalert.com/articles/mpsc-lower-division-clerk-recruitment-2026-apply-online-3067760
916	https://www.freejobalert.com/articles/nhm-simdega-recruitment-2026-apply-offline-for-18-anm-staff-nurse-and-more-posts-3069278
917	https://www.freejobalert.com/articles/nsi-foreman-electrical-recruitment-2026-apply-offline-3070451
919	https://www.freejobalert.com/articles/prabuddha-bharati-shishutirtha-recruitment-2026-apply-offline-for-multipurpose-staff-security-guard-night-guard-posts-3070236
920	https://www.freejobalert.com/articles/punjab-sssb-recruitment-2026-apply-online-for-10-accountant-head-draftsman-and-more-posts-3070314
922	https://www.freejobalert.com/articles/rcc-thiruvananthapuram-statistician-recruitment-2026-apply-offline-3070124
923	https://www.freejobalert.com/articles/rdpr-madurai-recruitment-2026-apply-offline-for-office-assistant-record-clerk-and-driver-posts-3067370
927	https://www.freejobalert.com/articles/udd-uttarakhand-recruitment-2026-apply-offline-for-25-executive-engineer-assistant-engineer-and-more-posts-3068799
929	https://www.freejobalert.com/articles/uksssc-pa-and-steno-recruitment-2026-apply-online-for-101-personal-assistant-and-stenographer-posts-3066867
932	https://www.freejobalert.com/articles/upessc-assistant-professor-recruitment-2026-apply-online-for-1936-posts-3066873
933	https://www.freejobalert.com/articles/upessc-pravakta-pgt-recruitment-2026-apply-online-for-2607-posts-3067784
934	https://www.freejobalert.com/articles/upsssc-je-recruitment-2026-apply-online-for-134-junior-engineer-avar-abhiyanta-posts-3063119
935	https://www.freejobalert.com/articles/upsssc-recruitment-2026-apply-online-for-108-assistant-coach-groundsman-and-more-posts-3070587
936	https://www.freejobalert.com/articles/upsssc-veterinary-pharmacist-recruitment-2026-notification-out-apply-online-for-1308-posts-3063100
937	https://www.freejobalert.com/articles/aiia-young-professional-recruitment-2026-walkin-3070494
938	https://www.freejobalert.com/articles/allahabad-university-faculty-recruitment-2026-walkin-3069973
939	https://www.freejobalert.com/articles/angrau-physical-director-recruitment-2026-walkin-3069865
940	https://www.freejobalert.com/articles/angrau-recruitment-2026-walkin-for-teaching-associate-teaching-assistant-posts-3070532
941	https://www.freejobalert.com/articles/army-dental-corps-short-service-commissioned-officer-recruitment-2026-apply-online-for-37-posts-3067635
942	https://www.freejobalert.com/articles/bcpl-non-executive-recruitment-2026-apply-online-for-24-foreman-technician-and-more-posts-3066999
943	https://www.freejobalert.com/articles/bihar-btsc-fisheries-extension-officer-recruitment-2026-apply-online-for-231-matsya-prasar-padadhikari-posts-3069340
944	https://www.freejobalert.com/articles/bpsc-tre-40-notification-2026-32-388-school-teacher-posts-3063451
945	https://www.freejobalert.com/articles/bric-ils-recruitment-2026-walkin-for-project-scientist-technician-and-more-posts-3069191
946	https://www.freejobalert.com/articles/c-dac-recruitment-2026-walkin-for-27-project-manager-senior-project-engineer-project-engineer-posts-3069453
947	https://www.freejobalert.com/articles/cantonment-board-pachmarhi-civil-engineer-recruitment-2026-walkin-3069056
948	https://www.freejobalert.com/articles/cari-consultant-recruitment-2026-walkin-3070600
949	https://www.freejobalert.com/articles/cbi-special-public-prosecutor-recruitment-2026-3066923
950	https://www.freejobalert.com/articles/central-silk-board-young-professional-recruitment-2026-apply-online-for-14-posts-3067013
951	https://www.freejobalert.com/articles/central-university-of-jammu-guest-faculty-recruitment-2026-walkin-3070630
952	https://www.freejobalert.com/articles/cihts-faculty-recruitment-2026-apply-online-for-59-professor-associate-professor-assistant-professor-posts-3066299
953	https://www.freejobalert.com/articles/cmho-dantewada-nursing-officer-ot-recruitment-2026-walkin-3070405
954	https://www.freejobalert.com/articles/cmo-ghaziabad-medical-officer-recruitment-2026-walkin-for-30-posts-3070449
955	https://www.freejobalert.com/articles/cpcl-apprentice-recruitment-2026-apply-online-for-trade-technician-and-graduate-apprentice-posts-3068928
956	https://www.freejobalert.com/articles/csb-csrti-junior-research-fellow-recruitment-2026-walkin-3070149
957	https://www.freejobalert.com/articles/csb-csrti-project-assistant-recruitment-2026-walkin-3070361
958	https://www.freejobalert.com/articles/csccc-iim-raipur-senior-project-associate-recruitment-2026-walkin-3070179
959	https://www.freejobalert.com/articles/csir-nml-recruitment-2026-walk-in-for-48-project-assistant-project-associate-and-more-posts-3069011
960	https://www.freejobalert.com/articles/cstri-project-assistant-recruitment-2026-walkin-3070342
961	https://www.freejobalert.com/articles/dcpu-tirunelveli-recruitment-2026-apply-offline-for-office-assistant-assistant-cum-bench-clerk-and-more-posts-3070308
962	https://www.freejobalert.com/articles/prasar-bharati-recruitment-2026-apply-online-for-archive-assistant-video-assistant-and-more-posts-3070538
963	https://www.freejobalert.com/articles/delhi-high-court-recruitment-2026-apply-online-for-150-senior-personal-assistant-and-personal-assistant-posts-3066385
964	https://www.freejobalert.com/articles/dhfws-ambala-medical-officer-recruitment-2026-walkin-3070806
966	https://www.freejobalert.com/articles/dlrs-assam-land-record-assistant-recruitment-2026-apply-online-for-579-posts-3068452
967	https://www.freejobalert.com/articles/drdo-dihar-recruitment-2026-walkin-for-17-junior-research-fellow-research-associate-posts-3069622
968	https://www.freejobalert.com/articles/drdo-dipr-apprentice-recruitment-2026-apply-online-for-24-posts-3069091
969	https://www.freejobalert.com/articles/drdo-dysl-sm-junior-research-fellow-recruitment-2026-walkin-3066925
970	https://www.freejobalert.com/articles/drdo-mtrdc-junior-research-fellow-recruitment-2026-walkin-3067896
971	https://www.freejobalert.com/articles/drdo-npol-junior-research-fellow-recruitment-2026-walk-in-3065748
972	https://www.freejobalert.com/articles/drdo-pxe-apprentice-recruitment-2026-apply-offline-for-50-graduate-technician-apprentice-posts-3069242
973	https://www.freejobalert.com/articles/drdo-rci-apprentice-recruitment-2026-apply-online-for-195-posts-3070757
974	https://www.freejobalert.com/articles/duac-recruitment-2026-apply-online-for-lower-division-clerk-daftry-posts-3064108
975	https://www.freejobalert.com/articles/esic-alwar-recruitment-2026-apply-walkin-for-167-professor-assistant-professor-and-more-posts-3069107
976	https://www.freejobalert.com/articles/fact-engineer-recruitment-2026-apply-online-3070747
977	https://www.freejobalert.com/articles/gims-faculty-recruitment-2026-apply-online-for-63-professor-associate-professor-and-assistant-professor-posts-3064053
978	https://www.freejobalert.com/articles/gims-staff-nurse-recruitment-2026-apply-online-for-100-posts-3062130
979	https://www.freejobalert.com/articles/glmh-mcd-senior-resident-recruitment-2026-walkin-3068626
980	https://www.freejobalert.com/articles/gmc-kb-asifabad-recruitment-2026-walk-in-for-99-professor-assistant-professor-and-more-posts-3066134
981	https://www.freejobalert.com/articles/goa-college-of-agriculture-assistant-professor-recruitment-2026-walkin-3069273
982	https://www.freejobalert.com/articles/goa-dental-college-hospital-staff-nurse-recruitment-2026-walkin-3069834
983	https://www.freejobalert.com/articles/goa-housing-board-junior-engineer-recruitment-2026-apply-offline-3070000
984	https://www.freejobalert.com/articles/grid-india-executive-trainee-recruitment-2026-apply-online-for-52-posts-3067891
985	https://www.freejobalert.com/articles/gsrtc-helper-recruitment-2026-apply-online-for-2510-posts-3066630
986	https://www.freejobalert.com/articles/hbch-rc-visakhapatnam-technician-recruitment-2026-walkin-3070726
987	https://www.freejobalert.com/articles/hcl-executive-recruitment-2026-apply-online-for-43-posts-3067952
988	https://www.freejobalert.com/articles/hites-manager-recruitment-2026-apply-online-for-21-chief-manager-senior-operations-manager-and-operations-manager-posts-3068428
989	https://www.freejobalert.com/articles/hll-recruitment-2026-walkin-for-trade-apprentice-technician-apprentice-vocational-apprentice-posts-3070183
990	https://www.freejobalert.com/articles/hll-trainee-recruitment-2026-walkin-for-iti-and-sslc-trainee-posts-3070572
991	https://www.freejobalert.com/articles/icar-iiswc-recruitment-2026-walkin-for-senior-research-fellow-young-professional-ii-posts-3067579
992	https://www.freejobalert.com/articles/icar-ivri-young-professional-recruitment-2026-walkin-3070561
993	https://www.freejobalert.com/articles/icfre-ifb-recruitment-2026-walkin-for-junior-research-fellow-laboratory-assistant-posts-3070515
994	https://www.freejobalert.com/articles/iet-calicut-university-instructor-recruitment-2026-walkin-3069817
995	https://www.freejobalert.com/articles/iia-project-assistant-recruitment-2026-walkin-3068017
996	https://www.freejobalert.com/articles/iifcl-projects-individual-consultant-recruitment-2026-apply-online-3059032
997	https://www.freejobalert.com/articles/iocl-apprentice-recruitment-2026-apply-online-for-58-trade-technician-apprentice-posts-3070008
998	https://www.freejobalert.com/articles/isro-iprc-recruitment-2026-apply-online-for-22-technical-assistant-technician-and-skilled-posts-3067463
999	https://www.freejobalert.com/articles/isro-lpsc-scientist-engineer-recruitment-2026-apply-online-3069549
1000	https://www.freejobalert.com/articles/jadavpur-university-intern-recruitment-2026-walkin-3070375
1001	https://www.freejobalert.com/articles/jamia-hamdard-guest-visiting-faculty-recruitment-2026-walkin-3070520
1002	https://www.freejobalert.com/articles/jau-senior-project-assistant-recruitment-2026-walkin-3070683
1004	https://www.freejobalert.com/articles/kannur-university-recruitment-2026-walkin-for-doctor-nurse-posts-3069501
1005	https://www.freejobalert.com/articles/kau-assistant-professor-recruitment-2026-walkin-3070716
1006	https://www.freejobalert.com/articles/konkan-railway-recruitment-2026-apply-offline-for-66-assistant-loco-pilot-and-senior-assistant-loco-pilot-posts-3069081
1007	https://www.freejobalert.com/articles/koppal-pourakarmika-recruitment-2026-apply-offline-for-48-posts-3068711
1008	https://www.freejobalert.com/articles/kvafsu-recruitment-2026-walkin-for-data-entry-operator-laboratory-technician-posts-3070085
1009	https://www.freejobalert.com/articles/kvasu-recruitment-2026-walkin-for-office-assistant-laboratory-technician-and-more-posts-3070739
1010	https://www.freejobalert.com/articles/lok-nayak-hospital-senior-resident-recruitment-2026-walkin-for-64-posts-3070067
1011	https://www.freejobalert.com/articles/manuu-recruitment-2026-walkin-for-14-caretaker-cook-and-helper-posts-3070634
1013	https://www.freejobalert.com/articles/ministry-of-culture-intern-recruitment-2026-apply-online-for-20-posts-3070231
1015	https://www.freejobalert.com/articles/mpuat-recruitment-2026-walkin-for-office-assistant-senior-research-fellow-and-more-posts-3070508
1016	https://www.freejobalert.com/articles/narip-senior-research-fellow-recruitment-2026-walkin-3068893
1018	https://www.freejobalert.com/articles/neramac-assistant-general-manager-recruitment-2026-walkin-3069599
1019	https://www.freejobalert.com/articles/nicl-chief-information-security-officer-recruitment-2026-apply-online-3058685
1020	https://www.freejobalert.com/articles/nimhans-psychologist-recruitment-2026-walkin-3069361
1021	https://www.freejobalert.com/articles/nit-andhra-pradesh-office-associate-recruitment-2026-walkin-3070696
1022	https://www.freejobalert.com/articles/npcc-consultant-recruitment-2026-walkin-3070650
1023	https://www.freejobalert.com/articles/npol-junior-research-fellow-recruitment-2026-apply-offline-3068317
1025	https://www.freejobalert.com/articles/ouat-guest-faculty-recruitment-2026-walkin-3069285
1026	https://www.freejobalert.com/articles/pgimer-recruitment-2026-apply-online-for-60-mts-pharmacist-and-more-posts-3065729
1027	https://www.freejobalert.com/articles/press-council-of-india-aso-recruitment-2026-apply-offline-for-assistant-section-officer-posts-3068862
1028	https://www.freejobalert.com/articles/prl-recruitment-2026-walkin-for-library-trainee-electrician-and-more-posts-3069036
1029	https://www.freejobalert.com/articles/punjab-and-haryana-high-court-clerk-recruitment-2026-apply-online-for-1270-posts-3070846
1030	https://www.freejobalert.com/articles/rari-recruitment-2026-walkin-for-young-professional-ii-field-assistant-posts-3070005
1031	https://www.freejobalert.com/articles/rgniyd-assistant-professor-recruitment-2026-walkin-3069873
1032	https://www.freejobalert.com/articles/rites-expert-recruitment-2026-apply-online-for-port-planning-transport-planner-and-more-posts-3070751
1033	https://www.freejobalert.com/articles/rites-recruitment-2026-apply-online-for-05-assistant-manager-senior-manager-posts-3067860
1034	https://www.freejobalert.com/articles/rpcau-recruitment-2026-walkin-for-test-engineer-and-senior-research-fellow-posts-3070771
1035	https://www.freejobalert.com/articles/east-central-railway-gdce-recruitment-2026-apply-online-for-1465-alp-je-station-master-and-more-posts-3068040
1036	https://www.freejobalert.com/articles/rrc-north-western-railway-act-apprentice-recruitment-2026-apply-online-for-2008-posts-3070677
1037	https://www.freejobalert.com/articles/ruhs-medical-officer-recruitment-2026-apply-online-for-600-posts-3062973
1038	https://www.freejobalert.com/articles/sahitya-akademi-recruitment-2026-apply-online-for-30-clerk-mts-and-more-posts-3063652
1039	https://www.freejobalert.com/articles/sainik-school-bhubaneswar-tgt-recruitment-2026-walkin-3068870
1040	https://www.freejobalert.com/articles/sbi-sco-recruitment-2026-apply-online-for-07-marketing-executive-faculty-and-more-posts-3067922
1041	https://www.freejobalert.com/articles/sctimst-legal-consultant-recruitment-2026-walkin-3068786
1042	https://www.freejobalert.com/articles/sctimst-project-research-scientist-iii-recruitment-2026-walkin-3068825
1043	https://www.freejobalert.com/articles/sctimst-senior-project-associate-recruitment-2026-walkin-3069262
1044	https://www.freejobalert.com/articles/sctimst-senior-project-engineer-recruitment-2026-walkin-3069952
1045	https://www.freejobalert.com/articles/sdau-junior-research-fellow-recruitment-2026-walkin-3068895
1046	https://www.freejobalert.com/articles/sdhm-keralarecruitment-2026-apply-online-for-10-software-engineer-junior-developer-and-more-posts-3069785
1047	https://www.freejobalert.com/articles/skau-recruitment-2026-apply-online-for-10-store-keeper-library-assistant-and-more-posts-3068184
1048	https://www.freejobalert.com/articles/sknau-recruitment-2026-walkin-for-young-professional-ii-field-assistant-posts-3070651
1049	https://www.freejobalert.com/articles/slbsnsu-assistant-professor-recruitment-2026-walkin-3070003
1050	https://www.freejobalert.com/articles/stpi-recruitment-2026-apply-online-for-10-assistant-administrative-officer-and-more-posts-3065261
1051	https://www.freejobalert.com/articles/svbph-senior-resident-recruitment-2026-walkin-3070370
1052	https://www.freejobalert.com/articles/thsti-junior-data-scientist-recruitment-2026-walkin-3068717
1053	https://www.freejobalert.com/articles/thsti-semi-skilled-lab-attendant-recruitment-2026-walkin-3068152
1054	https://www.freejobalert.com/articles/tmc-actrec-project-co-ordinator-recruitment-2026-walkin-3070151
1055	https://www.freejobalert.com/articles/tmc-actrec-scientific-assistant-recruitment-2026-walkin-3070433
1056	https://www.freejobalert.com/articles/tmc-clinical-trial-co-ordinator-recruitment-2026-walkin-3070136
1057	https://www.freejobalert.com/articles/tnau-senior-research-fellow-recruitment-2026-walkin-3068560
1059	https://www.freejobalert.com/articles/tnpsc-ctse-interview-posts-recruitment-2026-3065531
1060	https://www.freejobalert.com/articles/tripura-university-matron-cum-clerk-recruitment-2026-walkin-3069489
1061	https://www.freejobalert.com/articles/ubkv-project-fellow-recruitment-2026-walkin-3070193
1062	https://www.freejobalert.com/articles/ubkv-research-scholar-recruitment-2026-walkin-3069966
1063	https://www.freejobalert.com/articles/upessc-primary-assistant-teacher-recruitment-2026-apply-online-for-12405-posts-3067782
1064	https://www.freejobalert.com/articles/vmmc-safdarjung-hospital-medical-officer-recruitment-2026-walkin-3068725
