body,origin,observed_notices_in_751_corpus,suggested_search_terms
Staff Selection Commission,"assistant-named major recruiter (knowledge, not data)",,Staff Selection Commission recruitment | Staff Selection Commission vacancy
Union Public Service Commission,"assistant-named major recruiter (knowledge, not data)",,Union Public Service Commission recruitment | Union Public Service Commission vacancy
Railway Recruitment Board,"assistant-named major recruiter (knowledge, not data)",,Railway Recruitment Board recruitment | Railway Recruitment Board vacancy
Institute of Banking Personnel Selection,"assistant-named major recruiter (knowledge, not data)",,Institute of Banking Personnel Selection recruitment | Institute of Banking Personnel Selection vacancy
State Bank of India,"assistant-named major recruiter (knowledge, not data)",,State Bank of India recruitment | State Bank of India vacancy
Reserve Bank of India,"assistant-named major recruiter (knowledge, not data)",,Reserve Bank of India recruitment | Reserve Bank of India vacancy
Rail India Technical and Economic Service,observed in rehearsal corpus,11,Rail India Technical and Economic Service recruitment | Rail India Technical and Economic Service vacancy
Tata Institute of Social Sciences,observed in rehearsal corpus,9,Tata Institute of Social Sciences recruitment | Tata Institute of Social Sciences vacancy
All India Institute of Medical Sciences Delhi,observed in rehearsal corpus,8,All India Institute of Medical Sciences Delhi recruitment | All India Institute of Medical Sciences Delhi vacancy
Indian Institute of Technology Delhi,observed in rehearsal corpus,7,Indian Institute of Technology Delhi recruitment | Indian Institute of Technology Delhi vacancy
Indian Institute of Management Mumbai,observed in rehearsal corpus,7,Indian Institute of Management Mumbai recruitment | Indian Institute of Management Mumbai vacancy
Indian Institute of Technology Kharagpur,observed in rehearsal corpus,7,Indian Institute of Technology Kharagpur recruitment | Indian Institute of Technology Kharagpur vacancy
Indian Institute of Technology Roorkee,observed in rehearsal corpus,6,Indian Institute of Technology Roorkee recruitment | Indian Institute of Technology Roorkee vacancy
Rajiv Gandhi National Aviation University,observed in rehearsal corpus,5,Rajiv Gandhi National Aviation University recruitment | Rajiv Gandhi National Aviation University vacancy
All India Institute of Medical Sciences,observed in rehearsal corpus,5,All India Institute of Medical Sciences recruitment | All India Institute of Medical Sciences vacancy
Manipal Academy of Higher Education,observed in rehearsal corpus,5,Manipal Academy of Higher Education recruitment | Manipal Academy of Higher Education vacancy
Indian Institute of Technology Kanpur,observed in rehearsal corpus,5,Indian Institute of Technology Kanpur recruitment | Indian Institute of Technology Kanpur vacancy
Indian Institute of Science Education and Research Bhopal,observed in rehearsal corpus,5,Indian Institute of Science Education and Research Bhopal recruitment | Indian Institute of Science Education and Research Bhopal vacancy
Punjab Agricultural University,observed in rehearsal corpus,5,Punjab Agricultural University recruitment | Punjab Agricultural University vacancy
Andhra Pradesh Public Service Commission,observed in rehearsal corpus,4,Andhra Pradesh Public Service Commission recruitment | Andhra Pradesh Public Service Commission vacancy
Brihanmumbai Municipal Corporation,observed in rehearsal corpus,4,Brihanmumbai Municipal Corporation recruitment | Brihanmumbai Municipal Corporation vacancy
Mumbai Port Authority,observed in rehearsal corpus,4,Mumbai Port Authority recruitment | Mumbai Port Authority vacancy
Indian Institute of Technology Gandhinagar,observed in rehearsal corpus,4,Indian Institute of Technology Gandhinagar recruitment | Indian Institute of Technology Gandhinagar vacancy
All India Institute of Medical Sciences Bhopal,observed in rehearsal corpus,4,All India Institute of Medical Sciences Bhopal recruitment | All India Institute of Medical Sciences Bhopal vacancy
Indian Institute of Management Bangalore,observed in rehearsal corpus,4,Indian Institute of Management Bangalore recruitment | Indian Institute of Management Bangalore vacancy
Indian Institute of Management Lucknow,observed in rehearsal corpus,4,Indian Institute of Management Lucknow recruitment | Indian Institute of Management Lucknow vacancy
Ex Servicemen Contributory Health Scheme,observed in rehearsal corpus,4,Ex Servicemen Contributory Health Scheme recruitment | Ex Servicemen Contributory Health Scheme vacancy
Railway Recruitment Cell,observed in rehearsal corpus,3,Railway Recruitment Cell recruitment | Railway Recruitment Cell vacancy
Indian Institute of Technology Madras,observed in rehearsal corpus,3,Indian Institute of Technology Madras recruitment | Indian Institute of Technology Madras vacancy
Office of the District Programme Officer,observed in rehearsal corpus,3,Office of the District Programme Officer recruitment | Office of the District Programme Officer vacancy
Indian Institute of Foreign Trade,observed in rehearsal corpus,3,Indian Institute of Foreign Trade recruitment | Indian Institute of Foreign Trade vacancy
Indian Institute of Science,observed in rehearsal corpus,3,Indian Institute of Science recruitment | Indian Institute of Science vacancy
Madras University,observed in rehearsal corpus,3,Madras University recruitment | Madras University vacancy
Indian Institute of Technology Varanasi,observed in rehearsal corpus,3,Indian Institute of Technology Varanasi recruitment | Indian Institute of Technology Varanasi vacancy
Indian Institute of Technology Indore,observed in rehearsal corpus,3,Indian Institute of Technology Indore recruitment | Indian Institute of Technology Indore vacancy
National Health Systems Resource Centre,observed in rehearsal corpus,3,National Health Systems Resource Centre recruitment | National Health Systems Resource Centre vacancy
Indian Institute of Technology Jammu,observed in rehearsal corpus,3,Indian Institute of Technology Jammu recruitment | Indian Institute of Technology Jammu vacancy
Indira Gandhi Rashtriya Uran Akademi,observed in rehearsal corpus,3,Indira Gandhi Rashtriya Uran Akademi recruitment | Indira Gandhi Rashtriya Uran Akademi vacancy
Indian Council of Medical Research,observed in rehearsal corpus,3,Indian Council of Medical Research recruitment | Indian Council of Medical Research vacancy
Airports Authority of India,observed in rehearsal corpus,3,Airports Authority of India recruitment | Airports Authority of India vacancy
National Institute of Food Technology Entrepreneurship and Management,observed in rehearsal corpus,3,National Institute of Food Technology Entrepreneurship and Management recruitment | National Institute of Food Technology Entrepreneurship and Management vacancy
Delhi Technological University,observed in rehearsal corpus,3,Delhi Technological University recruitment | Delhi Technological University vacancy
Broadcast Engineering Consultants India,observed in rehearsal corpus,3,Broadcast Engineering Consultants India recruitment | Broadcast Engineering Consultants India vacancy
National Institute of Technology Agartala,observed in rehearsal corpus,3,National Institute of Technology Agartala recruitment | National Institute of Technology Agartala vacancy
Delhi Electricity Regulatory Commission,observed in rehearsal corpus,3,Delhi Electricity Regulatory Commission recruitment | Delhi Electricity Regulatory Commission vacancy
Indian Institute of Management Kozhikode,observed in rehearsal corpus,3,Indian Institute of Management Kozhikode recruitment | Indian Institute of Management Kozhikode vacancy
Bihar Technical Service Commission,observed in rehearsal corpus,3,Bihar Technical Service Commission recruitment | Bihar Technical Service Commission vacancy
Sardar Vallabhbhai National Institute of Technology Surat,observed in rehearsal corpus,3,Sardar Vallabhbhai National Institute of Technology Surat recruitment | Sardar Vallabhbhai National Institute of Technology Surat vacancy
National Institute of Technology Calicut,observed in rehearsal corpus,3,National Institute of Technology Calicut recruitment | National Institute of Technology Calicut vacancy
Indian Institute of Engineering Science and Technology,observed in rehearsal corpus,2,Indian Institute of Engineering Science and Technology recruitment | Indian Institute of Engineering Science and Technology vacancy
Kerala Public Service Commission,observed in rehearsal corpus,2,Kerala Public Service Commission recruitment | Kerala Public Service Commission vacancy
Indian Institute of Information Technology,observed in rehearsal corpus,2,Indian Institute of Information Technology recruitment | Indian Institute of Information Technology vacancy
District Child Protection Unit,observed in rehearsal corpus,2,District Child Protection Unit recruitment | District Child Protection Unit vacancy
Indian Institute of Science Education and Research Kolkata,observed in rehearsal corpus,2,Indian Institute of Science Education and Research Kolkata recruitment | Indian Institute of Science Education and Research Kolkata vacancy
All India Institute of Medical Sciences New Delhi,observed in rehearsal corpus,2,All India Institute of Medical Sciences New Delhi recruitment | All India Institute of Medical Sciences New Delhi vacancy
Birla Institute of Technology & Science Pilani,observed in rehearsal corpus,2,Birla Institute of Technology & Science Pilani recruitment | Birla Institute of Technology & Science Pilani vacancy
National Institute of Science Education and Research Bhubaneswar,observed in rehearsal corpus,2,National Institute of Science Education and Research Bhubaneswar recruitment | National Institute of Science Education and Research Bhubaneswar vacancy
Indian Institute of Technology Hyderabad,observed in rehearsal corpus,2,Indian Institute of Technology Hyderabad recruitment | Indian Institute of Technology Hyderabad vacancy
Hemvati Nandan Bahuguna Garhwal University,observed in rehearsal corpus,2,Hemvati Nandan Bahuguna Garhwal University recruitment | Hemvati Nandan Bahuguna Garhwal University vacancy
National Institute of Technology Silchar,observed in rehearsal corpus,2,National Institute of Technology Silchar recruitment | National Institute of Technology Silchar vacancy
All India Institute of Medical Sciences Rewari,observed in rehearsal corpus,2,All India Institute of Medical Sciences Rewari recruitment | All India Institute of Medical Sciences Rewari vacancy
Indraprastha Institute of Information Technology Delhi,observed in rehearsal corpus,2,Indraprastha Institute of Information Technology Delhi recruitment | Indraprastha Institute of Information Technology Delhi vacancy
CSIR National Institute of Oceanography,observed in rehearsal corpus,2,CSIR National Institute of Oceanography recruitment | CSIR National Institute of Oceanography vacancy
Visakhapatnam Port Authority,observed in rehearsal corpus,2,Visakhapatnam Port Authority recruitment | Visakhapatnam Port Authority vacancy
King George Medical University,observed in rehearsal corpus,2,King George Medical University recruitment | King George Medical University vacancy
National Bureau of Plant Genetic Resources,observed in rehearsal corpus,2,National Bureau of Plant Genetic Resources recruitment | National Bureau of Plant Genetic Resources vacancy
Central University of Rajasthan,observed in rehearsal corpus,2,Central University of Rajasthan recruitment | Central University of Rajasthan vacancy
Cochin University of Science and Technology,observed in rehearsal corpus,2,Cochin University of Science and Technology recruitment | Cochin University of Science and Technology vacancy
ICAR-National Bureau of Plant Genetic Resources,observed in rehearsal corpus,2,ICAR-National Bureau of Plant Genetic Resources recruitment | ICAR-National Bureau of Plant Genetic Resources vacancy
Indian Institute of Technology Guwahati,observed in rehearsal corpus,2,Indian Institute of Technology Guwahati recruitment | Indian Institute of Technology Guwahati vacancy
AIIMS Bhubaneswar,observed in rehearsal corpus,2,AIIMS Bhubaneswar recruitment | AIIMS Bhubaneswar vacancy
Bhakta Kavi Narsinh Mehta University,observed in rehearsal corpus,2,Bhakta Kavi Narsinh Mehta University recruitment | Bhakta Kavi Narsinh Mehta University vacancy
Amrita Vishwa Vidyapeetham,observed in rehearsal corpus,2,Amrita Vishwa Vidyapeetham recruitment | Amrita Vishwa Vidyapeetham vacancy
All India Institute of Medical Sciences Deoghar,observed in rehearsal corpus,2,All India Institute of Medical Sciences Deoghar recruitment | All India Institute of Medical Sciences Deoghar vacancy
All India Institute of Medical Sciences Rishikesh,observed in rehearsal corpus,2,All India Institute of Medical Sciences Rishikesh recruitment | All India Institute of Medical Sciences Rishikesh vacancy
Jawaharlal Institute of Postgraduate Medical Education and Research,observed in rehearsal corpus,2,Jawaharlal Institute of Postgraduate Medical Education and Research recruitment | Jawaharlal Institute of Postgraduate Medical Education and Research vacancy
Hindustan Machine Tools,observed in rehearsal corpus,2,Hindustan Machine Tools recruitment | Hindustan Machine Tools vacancy
Indian Institute of Technology Ropar,observed in rehearsal corpus,2,Indian Institute of Technology Ropar recruitment | Indian Institute of Technology Ropar vacancy
NTPC Limited,observed in rehearsal corpus,2,NTPC Limited recruitment | NTPC Limited vacancy
National Book Trust India,observed in rehearsal corpus,2,National Book Trust India recruitment | National Book Trust India vacancy
National Institute of Oceanography,observed in rehearsal corpus,2,National Institute of Oceanography recruitment | National Institute of Oceanography vacancy
Chhatrapati Shahu Ji Maharaj University,observed in rehearsal corpus,2,Chhatrapati Shahu Ji Maharaj University recruitment | Chhatrapati Shahu Ji Maharaj University vacancy
Odisha Public Service Commission,observed in rehearsal corpus,2,Odisha Public Service Commission recruitment | Odisha Public Service Commission vacancy
Panjab University,observed in rehearsal corpus,2,Panjab University recruitment | Panjab University vacancy
Central University of Tamil Nadu,observed in rehearsal corpus,2,Central University of Tamil Nadu recruitment | Central University of Tamil Nadu vacancy
ICAR Central Institute for Research on Cotton Technology,observed in rehearsal corpus,2,ICAR Central Institute for Research on Cotton Technology recruitment | ICAR Central Institute for Research on Cotton Technology vacancy
Indian Institute of Technology Dhanbad,observed in rehearsal corpus,2,Indian Institute of Technology Dhanbad recruitment | Indian Institute of Technology Dhanbad vacancy
Central Electricity Regulatory Commission,observed in rehearsal corpus,2,Central Electricity Regulatory Commission recruitment | Central Electricity Regulatory Commission vacancy
Southern Railway,observed in rehearsal corpus,2,Southern Railway recruitment | Southern Railway vacancy
Syama Prasad Mookerjee Port Kolkata,observed in rehearsal corpus,2,Syama Prasad Mookerjee Port Kolkata recruitment | Syama Prasad Mookerjee Port Kolkata vacancy
Jharkhand State Child Protection Society,observed in rehearsal corpus,2,Jharkhand State Child Protection Society recruitment | Jharkhand State Child Protection Society vacancy
Central University of Haryana,observed in rehearsal corpus,2,Central University of Haryana recruitment | Central University of Haryana vacancy
Birla Institute of Technology and Science Pilani,observed in rehearsal corpus,2,Birla Institute of Technology and Science Pilani recruitment | Birla Institute of Technology and Science Pilani vacancy
Jawaharlal Nehru Port Authority,observed in rehearsal corpus,2,Jawaharlal Nehru Port Authority recruitment | Jawaharlal Nehru Port Authority vacancy
Udupi Cochin Shipyard Limited,observed in rehearsal corpus,2,Udupi Cochin Shipyard Limited recruitment | Udupi Cochin Shipyard Limited vacancy
Himachal Pradesh Public Service Commission,observed in rehearsal corpus,2,Himachal Pradesh Public Service Commission recruitment | Himachal Pradesh Public Service Commission vacancy
Udupi Cochin Shipyard,observed in rehearsal corpus,2,Udupi Cochin Shipyard recruitment | Udupi Cochin Shipyard vacancy
Mizoram Public Service Commission,observed in rehearsal corpus,2,Mizoram Public Service Commission recruitment | Mizoram Public Service Commission vacancy
Hindustan Copper Limited,observed in rehearsal corpus,2,Hindustan Copper Limited recruitment | Hindustan Copper Limited vacancy
Uttarakhand Subordinate Service Selection Commission,observed in rehearsal corpus,2,Uttarakhand Subordinate Service Selection Commission recruitment | Uttarakhand Subordinate Service Selection Commission vacancy
Indian Institute of Management Ahmedabad,observed in rehearsal corpus,2,Indian Institute of Management Ahmedabad recruitment | Indian Institute of Management Ahmedabad vacancy
Cochin Port Authority,observed in rehearsal corpus,2,Cochin Port Authority recruitment | Cochin Port Authority vacancy
Central Silk Board,observed in rehearsal corpus,2,Central Silk Board recruitment | Central Silk Board vacancy
Uttar Pradesh Subordinate Services Selection Commission,observed in rehearsal corpus,2,Uttar Pradesh Subordinate Services Selection Commission recruitment | Uttar Pradesh Subordinate Services Selection Commission vacancy
CSIR-National Geophysical Research Institute,observed in rehearsal corpus,2,CSIR-National Geophysical Research Institute recruitment | CSIR-National Geophysical Research Institute vacancy
Government Institute of Medical Sciences,observed in rehearsal corpus,2,Government Institute of Medical Sciences recruitment | Government Institute of Medical Sciences vacancy
Himachal Pradesh Jal Shakti Vibhag,observed in rehearsal corpus,2,Himachal Pradesh Jal Shakti Vibhag recruitment | Himachal Pradesh Jal Shakti Vibhag vacancy
All India Institute of Medical Sciences Jodhpur,observed in rehearsal corpus,2,All India Institute of Medical Sciences Jodhpur recruitment | All India Institute of Medical Sciences Jodhpur vacancy
Surat Municipal Corporation,observed in rehearsal corpus,1,Surat Municipal Corporation recruitment | Surat Municipal Corporation vacancy
District Panchayat Balrampur,observed in rehearsal corpus,1,District Panchayat Balrampur recruitment | District Panchayat Balrampur vacancy
Nashik District,observed in rehearsal corpus,1,Nashik District recruitment | Nashik District vacancy
Indian Institute of Technology Bombay,observed in rehearsal corpus,1,Indian Institute of Technology Bombay recruitment | Indian Institute of Technology Bombay vacancy
Indian Institute of Technology Jodhpur,observed in rehearsal corpus,1,Indian Institute of Technology Jodhpur recruitment | Indian Institute of Technology Jodhpur vacancy
Directorate of Public Instruction,observed in rehearsal corpus,1,Directorate of Public Instruction recruitment | Directorate of Public Instruction vacancy
National Ayush Mission Kannur,observed in rehearsal corpus,1,National Ayush Mission Kannur recruitment | National Ayush Mission Kannur vacancy
Steel Authority of India,observed in rehearsal corpus,1,Steel Authority of India recruitment | Steel Authority of India vacancy
Guru Gobind Singh Indraprastha University,observed in rehearsal corpus,1,Guru Gobind Singh Indraprastha University recruitment | Guru Gobind Singh Indraprastha University vacancy
Hindustan Insecticides ),observed in rehearsal corpus,1,Hindustan Insecticides ) recruitment | Hindustan Insecticides ) vacancy
Women and Child Development Corporation Bihar,observed in rehearsal corpus,1,Women and Child Development Corporation Bihar recruitment | Women and Child Development Corporation Bihar vacancy
Rajiv Gandhi Super Speciality Hospital,observed in rehearsal corpus,1,Rajiv Gandhi Super Speciality Hospital recruitment | Rajiv Gandhi Super Speciality Hospital vacancy
Principal District and Sessions Court,observed in rehearsal corpus,1,Principal District and Sessions Court recruitment | Principal District and Sessions Court vacancy
West Bengal Police Telecommunication,observed in rehearsal corpus,1,West Bengal Police Telecommunication recruitment | West Bengal Police Telecommunication vacancy
Indian Institute of Toxicology Research,observed in rehearsal corpus,1,Indian Institute of Toxicology Research recruitment | Indian Institute of Toxicology Research vacancy
Broadcast Engineering Consultants India Limited,observed in rehearsal corpus,1,Broadcast Engineering Consultants India Limited recruitment | Broadcast Engineering Consultants India Limited vacancy
The Institute of Mathematical Sciences,observed in rehearsal corpus,1,The Institute of Mathematical Sciences recruitment | The Institute of Mathematical Sciences vacancy
High Court of Andhra Pradesh at Amaravati,observed in rehearsal corpus,1,High Court of Andhra Pradesh at Amaravati recruitment | High Court of Andhra Pradesh at Amaravati vacancy
MECON Limited,observed in rehearsal corpus,1,MECON Limited recruitment | MECON Limited vacancy
Indian Farmers Fertiliser Cooperative Limited,observed in rehearsal corpus,1,Indian Farmers Fertiliser Cooperative Limited recruitment | Indian Farmers Fertiliser Cooperative Limited vacancy
Dr. Panjabrao Deshmukh Krishi Vidyapeeth,observed in rehearsal corpus,1,Dr. Panjabrao Deshmukh Krishi Vidyapeeth recruitment | Dr. Panjabrao Deshmukh Krishi Vidyapeeth vacancy
Research Centre Imarat,observed in rehearsal corpus,1,Research Centre Imarat recruitment | Research Centre Imarat vacancy
Central University of Kashmir,observed in rehearsal corpus,1,Central University of Kashmir recruitment | Central University of Kashmir vacancy
Guru Nanak Dev University,observed in rehearsal corpus,1,Guru Nanak Dev University recruitment | Guru Nanak Dev University vacancy
Bathinda District Court,observed in rehearsal corpus,1,Bathinda District Court recruitment | Bathinda District Court vacancy
District Legal Services Authority Koraput,observed in rehearsal corpus,1,District Legal Services Authority Koraput recruitment | District Legal Services Authority Koraput vacancy
Indian Institute of Information Technology Kalyani,observed in rehearsal corpus,1,Indian Institute of Information Technology Kalyani recruitment | Indian Institute of Information Technology Kalyani vacancy
North Western Railway,observed in rehearsal corpus,1,North Western Railway recruitment | North Western Railway vacancy
CSK Himachal Pradesh Krishi Vishvavidyalaya,observed in rehearsal corpus,1,CSK Himachal Pradesh Krishi Vishvavidyalaya recruitment | CSK Himachal Pradesh Krishi Vishvavidyalaya vacancy
Ratan Tata Maharashtra State Skills University,observed in rehearsal corpus,1,Ratan Tata Maharashtra State Skills University recruitment | Ratan Tata Maharashtra State Skills University vacancy
National Centre for Polar & Ocean Research,observed in rehearsal corpus,1,National Centre for Polar & Ocean Research recruitment | National Centre for Polar & Ocean Research vacancy
Goa Staff Selection Commission,observed in rehearsal corpus,1,Goa Staff Selection Commission recruitment | Goa Staff Selection Commission vacancy
AIIMS Delhi,observed in rehearsal corpus,1,AIIMS Delhi recruitment | AIIMS Delhi vacancy
Indian Institute of Information Technology Bhopal,observed in rehearsal corpus,1,Indian Institute of Information Technology Bhopal recruitment | Indian Institute of Information Technology Bhopal vacancy
Kalsi Forest Division,observed in rehearsal corpus,1,Kalsi Forest Division recruitment | Kalsi Forest Division vacancy
Indian Institute of Technology Mandi,observed in rehearsal corpus,1,Indian Institute of Technology Mandi recruitment | Indian Institute of Technology Mandi vacancy
Hindustan Institute of Technology and Science,observed in rehearsal corpus,1,Hindustan Institute of Technology and Science recruitment | Hindustan Institute of Technology and Science vacancy
Shipping Corporation of India Land and Assets,observed in rehearsal corpus,1,Shipping Corporation of India Land and Assets recruitment | Shipping Corporation of India Land and Assets vacancy
Andhra Pradesh High Court,observed in rehearsal corpus,1,Andhra Pradesh High Court recruitment | Andhra Pradesh High Court vacancy
PDPM Indian Institute of Information Technology Design and Manufacturing Jabalpur,observed in rehearsal corpus,1,PDPM Indian Institute of Information Technology Design and Manufacturing Jabalpur recruitment | PDPM Indian Institute of Information Technology Design and Manufacturing Jabalpur vacancy
District Panchayat Raipur,observed in rehearsal corpus,1,District Panchayat Raipur recruitment | District Panchayat Raipur vacancy
District Health Society,observed in rehearsal corpus,1,District Health Society recruitment | District Health Society vacancy
Uttar Pradesh Subordinate Service Selection Commission,observed in rehearsal corpus,1,Uttar Pradesh Subordinate Service Selection Commission recruitment | Uttar Pradesh Subordinate Service Selection Commission vacancy
Gadag District Court,observed in rehearsal corpus,1,Gadag District Court recruitment | Gadag District Court vacancy
High Court of Andhra Pradesh,observed in rehearsal corpus,1,High Court of Andhra Pradesh recruitment | High Court of Andhra Pradesh vacancy
Uttar Pradesh Adheenasth Seva Chayan Ayog,observed in rehearsal corpus,1,Uttar Pradesh Adheenasth Seva Chayan Ayog recruitment | Uttar Pradesh Adheenasth Seva Chayan Ayog vacancy
Supreme Court of India,observed in rehearsal corpus,1,Supreme Court of India recruitment | Supreme Court of India vacancy
Division of Environmental Sciences,observed in rehearsal corpus,1,Division of Environmental Sciences recruitment | Division of Environmental Sciences vacancy
