n	external_id	line	count	final_rules_verdict	blind_reviewer_verdict
1	3069927	Executive	1	OK	UNSURE
2	3070827	Teacher	68	OK	GENUINE
3	3068341	Manager (Engineering)	130	OK	GENUINE
4	3069792	Residential Supervisor	1	OK	GENUINE
5	3069180	Medical Officer	1	OK	GENUINE
6	3069635	PGT Ganit (Mathematics)	1	OK	GENUINE
7	3067214	Hindi Translator	1	OK	GENUINE
8	3070216	Young Professional-II (Information Technology)	1	OK	GENUINE
9	3069708	Assistant Professor - Life Sciences	1	OK	GENUINE
10	3068450	Project Research Scientist I	2	OK	GENUINE
11	3069993	Assistant Professor (Social Sciences, Tuljapur Campus)	1	OK	GENUINE
12	3068546	Dental Surgeon	1	OK	GENUINE
13	3068880	Dental Officer	1	OK	GENUINE
14	3069677	Personnel Officer	1	OK	GENUINE
15	3070310	Project Assistant (PA)	2	OK	GENUINE
16	3070576	Multipurpose Worker	4	OK	GENUINE
17	3068440	Project Assistant	2	OK	GENUINE
18	3069066	Institute Post-Doctoral Fellow	1	OK	GENUINE
19	3069546	Deputy General Manager (Projects)	1	OK	GENUINE
20	3067476	Consultant (Civil)	1	OK	GENUINE
21	3068748	Perfusionist	1	OK	GENUINE
22	3068327	Assistant Manager-BIS Grade-M2	1	OK	GENUINE
23	3068122	Additional Professor	5	OK	GENUINE
24	3067720	SAP Functional Analyst (Sourcing & Procurement / SAP MM)	1	OK	GENUINE
25	3069576	Joint Director (Law)	1	OK	GENUINE
26	3070517	Local Guest Teacher (Mathematics)	1	OK	GENUINE
27	3069776	Security Officer	1	OK	GENUINE
28	3069221	Junior Research Fellow (JRF)	1	OK	GENUINE
29	3068327	Deputy General Manager (O & M) Grade-M7	1	OK	GENUINE
30	3069635	Chaprasi (Peon)	7	OK	GENUINE
31	3070614	Secretarial Officer	1	OK	GENUINE
32	3069041	Data Entry Operator	2	OK	GENUINE
33	3068703	Railway Advocate (Hingoli)	1	OK	GENUINE
34	3070092	Junior Research Fellow	1	OK	GENUINE
35	3070619	Project Technical Staff II (Phlebotomist / Lab technician)	1	OK	UNSURE
36	3069425	Assistant Programmer	1	OK	GENUINE
37	3069503	Clerk (I.T.)	12	OK	GENUINE
38	3068431	Private Secretary to the Director General	1	OK	GENUINE
39	3067393	Deputy Marine Services Officer (DMSO)	2	OK	GENUINE
40	3069527	Hospital Quality Management-Consultant	2	OK	GENUINE
41	3068939	Laboratory Assistant – Physics	1	OK	GENUINE
42	3068440	Project Associate-I	3	OK	GENUINE
43	3068040	Technician III - Electrical General	2	OK	GENUINE
44	3070203	Associate Professor of Botany	1	OK	GENUINE
45	3070734	Senior Technical Officer (Nuclear Medicine)	2	OK	GENUINE
46	3070050	Multimedia Communications Associate	1	OK	GENUINE
47	3070265	Office Trainee	1	OK	GENUINE
48	3070218	Legal Consultant (Maritime Law)	3	OK	GENUINE
49	3068799	Executive Engineer	5	OK	GENUINE
50	3069326	Post Graduate Teacher (Biology)	1	OK	GENUINE
